period,Lower_48,Midwest,Mountain,Pacific,South_Central,Salt,Nonsalt,East,Period,Week,Year
2010-01-01,769,3117,900,195,826,268,159,985,2010-01-01,53,2009
2010-01-08,703,2850,820,185,763,257,123,886,2010-01-08,1,2010
2010-01-15,642,2607,750,176,702,246,91,793,2010-01-15,2,2010
2010-01-22,616,2521,710,171,687,235,102,789,2010-01-22,3,2010
2010-01-29,582,2406,661,164,671,221,108,779,2010-01-29,4,2010
2010-02-05,523,2214,604,157,624,211,95,719,2010-02-05,5,2010
2010-02-12,471,2026,552,148,573,197,85,658,2010-02-12,6,2010
2010-02-19,425,1853,502,141,521,193,71,592,2010-02-19,7,2010
2010-02-26,390,1738,464,133,496,184,70,566,2010-02-26,8,2010
2010-03-05,349,1627,433,129,472,182,63,535,2010-03-05,9,2010
2010-03-12,341,1614,422,127,477,176,71,548,2010-03-12,10,2010
2010-03-19,334,1626,419,126,487,179,80,567,2010-03-19,11,2010
2010-03-26,336,1638,410,126,492,185,89,581,2010-03-26,12,2010
2010-04-02,333,1670,410,126,511,189,101,612,2010-04-02,13,2010
2010-04-09,358,1754,429,126,537,193,112,649,2010-04-09,14,2010
2010-04-16,376,1828,444,129,559,199,120,679,2010-04-16,15,2010
2010-04-23,397,1912,462,134,584,209,126,710,2010-04-23,16,2010
2010-04-30,416,1994,480,138,608,220,133,741,2010-04-30,17,2010
2010-05-07,444,2091,506,142,632,230,138,770,2010-05-07,18,2010
2010-05-14,463,2165,520,147,650,241,144,794,2010-05-14,19,2010
2010-05-21,491,2268,546,154,675,253,149,824,2010-05-21,20,2010
2010-05-28,518,2357,567,161,695,265,151,846,2010-05-28,21,2010
2010-06-04,545,2456,593,165,716,279,158,874,2010-06-04,22,2010
2010-06-11,571,2542,619,168,735,288,160,895,2010-06-11,23,2010
2010-06-18,596,2625,645,173,751,299,161,912,2010-06-18,24,2010
2010-06-25,615,2684,666,178,762,305,158,920,2010-06-25,25,2010
2010-07-02,638,2761,691,182,778,311,160,938,2010-07-02,26,2010
2010-07-09,659,2841,715,188,794,318,168,962,2010-07-09,27,2010
2010-07-16,681,2893,735,192,805,317,163,968,2010-07-16,28,2010
2010-07-23,698,2919,751,195,805,314,157,962,2010-07-23,29,2010
2010-07-30,716,2947,766,197,807,313,148,955,2010-07-30,30,2010
2010-08-06,737,2984,788,199,802,314,144,946,2010-08-06,31,2010
2010-08-13,758,3013,808,202,794,314,136,930,2010-08-13,32,2010
2010-08-20,781,3054,833,205,794,309,131,925,2010-08-20,33,2010
2010-08-27,805,3105,861,209,797,301,133,930,2010-08-27,34,2010
2010-09-03,814,3163,886,212,812,303,136,948,2010-09-03,35,2010
2010-09-10,835,3267,919,221,834,307,150,984,2010-09-10,36,2010
2010-09-17,856,3341,951,223,855,307,150,1005,2010-09-17,37,2010
2010-09-24,876,3415,979,227,871,309,153,1024,2010-09-24,38,2010
2010-10-01,896,3499,1011,230,893,307,162,1055,2010-10-01,39,2010
2010-10-08,912,3590,1039,232,927,313,168,1095,2010-10-08,40,2010
2010-10-15,930,3683,1071,233,950,317,182,1132,2010-10-15,41,2010
2010-10-22,940,3754,1096,236,973,321,189,1162,2010-10-22,42,2010
2010-10-29,955,3821,1120,235,995,323,193,1188,2010-10-29,43,2010
2010-11-05,950,3840,1124,236,1004,327,199,1203,2010-11-05,44,2010
2010-11-12,940,3834,1126,236,999,326,207,1206,2010-11-12,45,2010
2010-11-19,940,3828,1115,234,999,329,211,1210,2010-11-19,46,2010
2010-11-26,940,3805,1100,227,1006,313,218,1224,2010-11-26,47,2010
2010-12-03,918,3717,1071,222,993,298,215,1208,2010-12-03,48,2010
2010-12-10,862,3553,1017,216,960,293,205,1165,2010-12-10,49,2010
2010-12-17,807,3369,956,209,922,289,186,1108,2010-12-17,50,2010
2010-12-24,756,3232,904,201,905,284,182,1087,2010-12-24,51,2010
2010-12-31,715,3097,866,192,875,275,175,1050,2010-12-31,52,2010
2011-01-07,684,2960,817,181,847,248,183,1030,2011-01-07,1,2011
2011-01-14,622,2716,753,172,781,229,158,939,2011-01-14,2,2011
2011-01-21,577,2543,696,164,732,221,153,885,2011-01-21,3,2011
2011-01-28,519,2355,639,156,688,211,142,830,2011-01-28,4,2011
2011-02-04,470,2144,578,145,640,187,123,763,2011-02-04,5,2011
2011-02-11,421,1910,510,137,582,171,90,672,2011-02-11,6,2011
2011-02-18,392,1831,482,132,572,162,90,662,2011-02-18,7,2011
2011-02-25,359,1745,445,124,571,147,100,671,2011-02-25,8,2011
2011-03-04,330,1672,412,118,570,136,106,676,2011-03-04,9,2011
2011-03-11,308,1616,384,113,563,137,111,674,2011-03-11,10,2011
2011-03-18,296,1611,373,112,567,141,121,688,2011-03-18,11,2011
2011-03-25,293,1622,369,110,582,137,131,713,2011-03-25,12,2011
2011-04-01,265,1578,346,110,578,142,138,716,2011-04-01,13,2011
2011-04-08,269,1606,349,107,593,145,143,736,2011-04-08,14,2011
2011-04-15,284,1654,362,106,610,148,143,753,2011-04-15,15,2011
2011-04-22,298,1685,362,105,622,153,144,766,2011-04-22,16,2011
2011-04-29,321,1757,380,105,640,161,149,789,2011-04-29,17,2011
2011-05-06,344,1827,398,106,657,168,155,812,2011-05-06,18,2011
2011-05-13,375,1919,423,108,676,177,161,837,2011-05-13,19,2011
2011-05-20,405,2023,447,111,699,186,175,874,2011-05-20,20,2011
2011-05-27,434,2107,469,115,715,197,177,892,2011-05-27,21,2011
2011-06-03,458,2188,494,120,731,206,179,910,2011-06-03,22,2011
2011-06-10,483,2257,517,125,736,217,180,916,2011-06-10,23,2011
2011-06-17,515,2354,548,131,747,229,184,931,2011-06-17,24,2011
2011-06-24,542,2432,576,136,759,237,182,941,2011-06-24,25,2011
2011-07-01,574,2526,605,142,773,248,184,957,2011-07-01,26,2011
2011-07-08,602,2611,635,148,787,254,185,972,2011-07-08,27,2011
2011-07-15,627,2671,660,154,790,264,176,966,2011-07-15,28,2011
2011-07-22,646,2714,681,158,791,271,167,958,2011-07-22,29,2011
2011-07-29,666,2759,703,152,794,285,160,954,2011-07-29,30,2011
2011-08-05,683,2783,724,155,782,288,151,933,2011-08-05,31,2011
2011-08-12,702,2833,752,160,783,294,142,925,2011-08-12,32,2011
2011-08-19,729,2906,784,164,789,298,143,932,2011-08-19,33,2011
2011-08-26,751,2960,815,168,790,298,139,929,2011-08-26,34,2011
2011-09-02,776,3025,848,171,793,298,139,932,2011-09-02,35,2011
2011-09-09,801,3110,882,176,807,299,144,951,2011-09-09,36,2011
2011-09-16,825,3201,916,180,822,305,153,975,2011-09-16,37,2011
2011-09-23,855,3311,953,185,841,312,166,1007,2011-09-23,38,2011
2011-09-30,879,3408,990,189,861,319,170,1031,2011-09-30,39,2011
2011-10-07,900,3521,1023,194,886,330,188,1074,2011-10-07,40,2011
2011-10-14,922,3624,1059,196,905,337,206,1111,2011-10-14,41,2011
2011-10-21,939,3717,1086,198,925,342,226,1151,2011-10-21,42,2011
2011-10-28,947,3793,1109,200,945,348,244,1189,2011-10-28,43,2011
2011-11-04,950,3830,1122,201,951,353,253,1204,2011-11-04,44,2011
2011-11-11,955,3844,1123,201,949,353,263,1212,2011-11-11,45,2011
2011-11-18,957,3853,1122,203,948,356,268,1216,2011-11-18,46,2011
2011-11-25,953,3850,1108,204,953,357,276,1229,2011-11-25,47,2011
2011-12-02,951,3830,1093,203,943,359,281,1224,2011-12-02,48,2011
2011-12-09,935,3729,1061,195,921,342,276,1197,2011-12-09,49,2011
2011-12-16,905,3628,1028,191,908,324,274,1182,2011-12-16,50,2011
2011-12-23,881,3548,998,186,898,309,275,1173,2011-12-23,51,2011
2011-12-30,853,3471,964,183,884,308,279,1163,2011-12-30,52,2011
2012-01-06,819,3377,923,180,873,308,274,1147,2012-01-06,1,2012
2012-01-13,791,3290,890,174,858,301,276,1134,2012-01-13,2,2012
2012-01-20,728,3098,831,165,830,283,260,1090,2012-01-20,3,2012
2012-01-27,682,2966,778,160,814,278,254,1068,2012-01-27,4,2012
2012-02-03,656,2888,745,157,806,275,250,1056,2012-02-03,5,2012
2012-02-10,616,2761,702,152,778,272,240,1018,2012-02-10,6,2012
2012-02-17,570,2595,651,146,744,267,217,961,2012-02-17,7,2012
2012-02-24,545,2513,619,141,728,266,214,942,2012-02-24,8,2012
2012-03-02,515,2433,589,137,718,258,216,934,2012-03-02,9,2012
2012-03-09,491,2369,558,133,710,255,223,933,2012-03-09,10,2012
2012-03-16,489,2380,550,134,720,255,232,952,2012-03-16,11,2012
2012-03-23,506,2429,557,134,733,253,247,980,2012-03-23,12,2012
2012-03-30,510,2472,563,137,746,256,260,1006,2012-03-30,13,2012
2012-04-06,515,2478,564,137,743,261,258,1001,2012-04-06,14,2012
2012-04-13,524,2503,569,139,747,265,259,1006,2012-04-13,15,2012
2012-04-20,546,2546,587,139,752,270,254,1006,2012-04-20,16,2012
2012-04-27,557,2576,597,142,756,276,249,1005,2012-04-27,17,2012
2012-05-04,571,2606,607,144,760,283,241,1001,2012-05-04,18,2012
2012-05-11,597,2667,628,146,770,289,238,1008,2012-05-11,19,2012
2012-05-18,621,2744,648,148,770,300,257,1027,2012-05-18,20,2012
2012-05-25,644,2815,669,151,781,309,261,1042,2012-05-25,21,2012
2012-06-01,663,2877,689,155,793,318,260,1053,2012-06-01,22,2012
2012-06-08,685,2944,709,159,802,327,261,1063,2012-06-08,23,2012
2012-06-15,704,3006,727,162,812,335,265,1077,2012-06-15,24,2012
2012-06-22,719,3063,746,165,824,342,267,1091,2012-06-22,25,2012
2012-06-29,738,3102,764,169,822,353,258,1080,2012-06-29,26,2012
2012-07-06,747,3135,775,174,828,360,251,1079,2012-07-06,27,2012
2012-07-13,756,3163,789,178,833,360,247,1080,2012-07-13,28,2012
2012-07-20,764,3190,801,182,837,364,242,1079,2012-07-20,29,2012
2012-07-27,775,3217,820,185,839,364,234,1073,2012-07-27,30,2012
2012-08-03,786,3240,839,187,841,361,226,1067,2012-08-03,31,2012
2012-08-10,796,3261,858,189,843,354,220,1063,2012-08-10,32,2012
2012-08-17,815,3308,887,193,850,345,218,1068,2012-08-17,33,2012
2012-08-24,836,3374,913,196,857,345,227,1084,2012-08-24,34,2012
2012-08-31,847,3402,936,200,856,342,221,1077,2012-08-31,35,2012
2012-09-07,857,3429,964,204,855,341,207,1062,2012-09-07,36,2012
2012-09-14,874,3496,991,209,865,341,217,1082,2012-09-14,37,2012
2012-09-21,892,3576,1018,213,879,342,232,1111,2012-09-21,38,2012
2012-09-28,908,3654,1044,217,892,347,245,1137,2012-09-28,39,2012
2012-10-05,926,3726,1067,220,904,348,260,1164,2012-10-05,40,2012
2012-10-12,936,3776,1081,221,911,355,271,1182,2012-10-12,41,2012
2012-10-19,945,3843,1100,225,924,362,286,1210,2012-10-19,42,2012
2012-10-26,960,3907,1119,227,933,368,300,1233,2012-10-26,43,2012
2012-11-02,960,3928,1124,230,933,375,307,1240,2012-11-02,44,2012
2012-11-09,942,3910,1118,231,932,377,310,1242,2012-11-09,45,2012
2012-11-16,935,3873,1107,227,919,374,311,1230,2012-11-16,46,2012
2012-11-23,927,3876,1103,228,924,378,317,1241,2012-11-23,47,2012
2012-11-30,902,3804,1072,228,912,375,316,1228,2012-11-30,48,2012
2012-12-07,900,3806,1062,228,920,376,320,1240,2012-12-07,49,2012
2012-12-14,884,3724,1029,222,904,372,312,1216,2012-12-14,50,2012
2012-12-21,868,3653,1004,216,896,360,310,1206,2012-12-21,51,2012
2012-12-28,829,3517,959,207,868,352,302,1170,2012-12-28,52,2012
2013-01-04,776,3316,901,197,828,333,283,1111,2013-01-04,1,2013
2013-01-11,736,3167,855,190,797,316,275,1072,2013-01-11,2,2013
2013-01-18,708,2996,804,178,760,286,260,1020,2013-01-18,3,2013
2013-01-25,651,2802,732,172,729,274,244,973,2013-01-25,4,2013
2013-02-01,608,2684,688,165,714,269,240,954,2013-02-01,5,2013
2013-02-08,549,2526,631,159,687,266,234,921,2013-02-08,6,2013
2013-02-15,512,2400,590,153,662,259,225,887,2013-02-15,7,2013
2013-02-22,458,2229,534,146,630,252,208,838,2013-02-22,8,2013
2013-03-01,424,2082,493,139,590,247,190,780,2013-03-01,9,2013
2013-03-08,377,1938,448,136,557,245,175,732,2013-03-08,10,2013
2013-03-15,357,1876,422,132,537,248,180,717,2013-03-15,11,2013
2013-03-22,324,1781,382,127,522,248,178,700,2013-03-22,12,2013
2013-03-29,302,1687,356,122,493,248,166,659,2013-03-29,13,2013
2013-04-05,295,1674,347,123,486,256,168,654,2013-04-05,14,2013
2013-04-12,310,1705,351,120,487,258,179,666,2013-04-12,15,2013
2013-04-19,329,1734,354,117,489,258,187,676,2013-04-19,16,2013
2013-04-26,344,1776,356,118,499,262,198,697,2013-04-26,17,2013
2013-05-03,376,1866,376,118,516,268,212,728,2013-05-03,18,2013
2013-05-10,408,1964,399,120,532,278,228,760,2013-05-10,19,2013
2013-05-17,433,2052,419,122,553,285,239,792,2013-05-17,20,2013
2013-05-24,461,2142,445,127,572,294,243,815,2013-05-24,21,2013
2013-05-31,491,2252,473,132,598,304,254,852,2013-05-31,22,2013
2013-06-07,520,2347,500,137,618,313,259,877,2013-06-07,23,2013
2013-06-14,551,2439,529,140,637,321,261,898,2013-06-14,24,2013
2013-06-21,578,2533,560,144,659,330,263,922,2013-06-21,25,2013
2013-06-28,599,2606,586,148,671,336,265,936,2013-06-28,26,2013
2013-07-05,622,2687,616,152,689,334,274,963,2013-07-05,27,2013
2013-07-12,634,2745,641,154,704,337,275,979,2013-07-12,28,2013
2013-07-19,642,2786,658,157,716,337,274,990,2013-07-19,29,2013
2013-07-26,661,2845,684,160,734,340,267,1001,2013-07-26,30,2013
2013-08-02,687,2940,715,164,750,359,265,1015,2013-08-02,31,2013
2013-08-09,708,3007,745,168,759,366,261,1020,2013-08-09,32,2013
2013-08-16,725,3063,774,172,766,368,258,1024,2013-08-16,33,2013
2013-08-23,743,3131,805,177,781,365,260,1041,2013-08-23,34,2013
2013-08-30,760,3189,831,181,791,364,261,1052,2013-08-30,35,2013
2013-09-06,778,3253,861,184,805,362,262,1067,2013-09-06,36,2013
2013-09-13,794,3299,885,188,810,363,259,1069,2013-09-13,37,2013
2013-09-20,817,3385,917,192,827,366,267,1094,2013-09-20,38,2013
2013-09-27,840,3487,951,197,848,373,278,1126,2013-09-27,39,2013
2013-10-04,861,3577,980,202,869,378,287,1156,2013-10-04,40,2013
2013-10-11,879,3655,1008,205,885,383,294,1179,2013-10-11,41,2013
2013-10-18,901,3741,1036,208,900,384,311,1211,2013-10-18,42,2013
2013-10-25,908,3779,1046,211,912,385,318,1230,2013-10-25,43,2013
2013-11-01,910,3816,1054,213,927,386,325,1252,2013-11-01,44,2013
2013-11-08,917,3834,1057,214,930,384,332,1262,2013-11-08,45,2013
2013-11-15,900,3789,1042,215,922,383,327,1249,2013-11-15,46,2013
2013-11-22,897,3775,1031,214,924,378,331,1255,2013-11-22,47,2013
2013-11-29,863,3613,987,208,885,368,303,1188,2013-11-29,48,2013
2013-12-06,843,3533,961,200,870,350,309,1179,2013-12-06,49,2013
2013-12-13,792,3248,881,187,805,307,277,1082,2013-12-13,50,2013
2013-12-20,737,3071,821,182,778,291,263,1041,2013-12-20,51,2013
2013-12-27,715,2975,776,175,759,281,269,1028,2013-12-27,52,2013
2014-01-03,672,2817,721,169,727,269,259,986,2014-01-03,1,2014
2014-01-10,606,2529,638,159,670,246,211,881,2014-01-10,2,2014
2014-01-17,580,2424,598,153,644,236,213,857,2014-01-17,3,2014
2014-01-24,525,2184,528,145,587,220,178,765,2014-01-24,4,2014
2014-01-31,459,1924,452,136,537,202,137,674,2014-01-31,5,2014
2014-02-07,417,1693,390,124,484,169,109,593,2014-02-07,6,2014
2014-02-14,356,1444,323,115,427,147,77,504,2014-02-14,7,2014
2014-02-21,317,1348,284,109,404,139,96,500,2014-02-21,8,2014
2014-02-28,280,1196,239,101,371,117,88,459,2014-02-28,9,2014
2014-03-07,231,1002,194,94,327,103,54,381,2014-03-07,10,2014
2014-03-14,213,953,176,91,307,103,62,369,2014-03-14,11,2014
2014-03-21,192,895,158,87,289,103,65,354,2014-03-21,12,2014
2014-03-28,167,824,138,85,272,102,60,332,2014-03-28,13,2014
2014-04-04,167,827,133,82,273,105,68,341,2014-04-04,14,2014
2014-04-11,169,850,137,81,275,113,76,351,2014-04-11,15,2014
2014-04-18,181,899,141,80,284,124,89,373,2014-04-18,16,2014
2014-04-25,198,981,158,82,304,135,104,408,2014-04-25,17,2014
2014-05-02,215,1055,177,83,321,145,113,434,2014-05-02,18,2014
2014-05-09,243,1160,210,86,336,159,126,462,2014-05-09,19,2014
2014-05-16,277,1267,241,89,351,169,140,491,2014-05-16,20,2014
2014-05-23,308,1380,273,94,370,183,152,522,2014-05-23,21,2014
2014-05-30,341,1499,310,100,390,196,163,553,2014-05-30,22,2014
2014-06-06,370,1607,345,104,409,207,172,581,2014-06-06,23,2014
2014-06-13,403,1719,383,109,431,217,177,608,2014-06-13,24,2014
2014-06-20,433,1829,419,115,447,230,185,632,2014-06-20,25,2014
2014-06-27,462,1928,455,120,462,241,188,650,2014-06-27,26,2014
2014-07-04,482,2023,490,127,480,250,194,674,2014-07-04,27,2014
2014-07-11,509,2128,528,131,501,258,201,702,2014-07-11,28,2014
2014-07-18,532,2219,561,136,518,265,207,725,2014-07-18,29,2014
2014-07-25,557,2307,593,141,534,272,210,744,2014-07-25,30,2014
2014-08-01,584,2388,627,145,546,274,212,758,2014-08-01,31,2014
2014-08-08,608,2467,662,149,555,281,213,768,2014-08-08,32,2014
2014-08-15,635,2555,699,153,568,286,214,782,2014-08-15,33,2014
2014-08-22,659,2631,736,156,578,292,210,788,2014-08-22,34,2014
2014-08-29,681,2709,772,159,587,299,211,798,2014-08-29,35,2014
2014-09-05,704,2801,809,164,601,306,216,817,2014-09-05,36,2014
2014-09-12,727,2890,843,169,621,309,222,843,2014-09-12,37,2014
2014-09-19,758,2988,877,170,640,309,234,874,2014-09-19,38,2014
2014-09-26,790,3099,913,174,662,313,248,910,2014-09-26,39,2014
2014-10-03,817,3205,948,176,682,322,260,942,2014-10-03,40,2014
2014-10-10,840,3298,973,181,704,328,272,976,2014-10-10,41,2014
2014-10-17,859,3393,1002,184,729,335,285,1014,2014-10-17,42,2014
2014-10-24,877,3480,1024,187,754,340,298,1052,2014-10-24,43,2014
2014-10-31,894,3571,1051,189,777,346,314,1091,2014-10-31,44,2014
2014-11-07,895,3611,1057,191,792,349,327,1119,2014-11-07,45,2014
2014-11-14,892,3594,1050,184,790,349,329,1119,2014-11-14,46,2014
2014-11-21,852,3432,1001,177,759,337,306,1065,2014-11-21,47,2014
2014-11-28,839,3410,980,176,762,338,314,1076,2014-11-28,48,2014
2014-12-05,819,3359,951,173,760,333,323,1083,2014-12-05,49,2014
2014-12-12,792,3296,923,170,748,337,325,1073,2014-12-12,50,2014
2014-12-19,776,3246,902,165,743,332,327,1070,2014-12-19,51,2014
2014-12-26,765,3220,885,163,742,335,330,1072,2014-12-26,52,2014
2015-01-02,737,3089,849,152,716,312,324,1040,2015-01-02,1,2015
2015-01-09,685,2854,774,142,669,292,291,960,2015-01-09,2,2015
2015-01-16,631,2637,711,136,618,281,260,878,2015-01-16,3,2015
2015-01-23,595,2543,677,134,605,275,257,862,2015-01-23,4,2015
2015-01-30,553,2428,632,133,591,273,247,838,2015-01-30,5,2015
2015-02-06,501,2268,572,130,560,275,231,791,2015-02-06,6,2015
2015-02-13,458,2158,518,132,549,278,222,771,2015-02-13,7,2015
2015-02-20,401,1938,435,127,515,279,181,696,2015-02-20,8,2015
2015-02-27,353,1709,361,118,470,271,136,606,2015-02-27,9,2015
2015-03-06,309,1511,303,111,420,260,108,528,2015-03-06,10,2015
2015-03-13,290,1468,285,111,414,261,108,522,2015-03-13,11,2015
2015-03-20,275,1479,279,113,427,264,121,548,2015-03-20,12,2015
2015-03-27,255,1461,261,114,430,269,132,562,2015-03-27,13,2015
2015-04-03,242,1476,256,117,442,273,146,588,2015-04-03,14,2015
2015-04-10,250,1539,263,117,466,273,171,637,2015-04-10,15,2015
2015-04-17,271,1628,282,118,490,276,191,681,2015-04-17,16,2015
2015-04-24,294,1711,296,118,512,281,209,721,2015-04-24,17,2015
2015-05-01,310,1785,311,119,535,287,223,758,2015-05-01,18,2015
2015-05-08,341,1897,339,123,559,292,243,802,2015-05-08,19,2015
2015-05-15,371,1989,364,125,581,298,251,832,2015-05-15,20,2015
2015-05-22,404,2101,396,129,605,307,261,866,2015-05-22,21,2015
2015-05-29,440,2233,431,136,633,316,277,910,2015-05-29,22,2015
2015-06-05,470,2344,464,142,655,322,291,946,2015-06-05,23,2015
2015-06-12,499,2433,493,147,673,327,295,968,2015-06-12,24,2015
2015-06-19,524,2506,517,150,686,333,295,982,2015-06-19,25,2015
2015-06-26,552,2579,546,155,700,333,292,993,2015-06-26,26,2015
2015-07-03,584,2666,582,158,716,329,297,1013,2015-07-03,27,2015
2015-07-10,609,2764,612,164,739,334,305,1045,2015-07-10,28,2015
2015-07-17,627,2823,636,167,752,337,304,1056,2015-07-17,29,2015
2015-07-24,643,2872,659,171,759,340,300,1059,2015-07-24,30,2015
2015-07-31,658,2910,683,174,762,341,292,1054,2015-07-31,31,2015
2015-08-07,681,2975,713,176,769,344,291,1061,2015-08-07,32,2015
2015-08-14,704,3027,740,179,773,345,286,1059,2015-08-14,33,2015
2015-08-21,725,3094,770,183,784,345,287,1071,2015-08-21,34,2015
2015-08-28,751,3190,815,188,801,345,290,1091,2015-08-28,35,2015
2015-09-04,769,3262,848,191,811,349,293,1105,2015-09-04,36,2015
2015-09-11,787,3336,883,194,828,347,298,1125,2015-09-11,37,2015
2015-09-18,812,3441,918,197,850,352,312,1162,2015-09-18,38,2015
2015-09-25,837,3537,952,201,870,355,321,1192,2015-09-25,39,2015
2015-10-02,863,3634,984,206,891,359,331,1222,2015-10-02,40,2015
2015-10-09,880,3731,1016,210,912,367,346,1258,2015-10-09,41,2015
2015-10-16,899,3813,1046,213,930,367,357,1288,2015-10-16,42,2015
2015-10-23,905,3875,1072,216,944,373,366,1309,2015-10-23,43,2015
2015-10-30,916,3931,1097,216,955,377,371,1325,2015-10-30,44,2015
2015-11-06,929,3985,1117,217,967,382,373,1340,2015-11-06,45,2015
2015-11-13,934,4000,1124,214,970,381,377,1347,2015-11-13,46,2015
2015-11-20,935,4009,1127,214,970,381,382,1352,2015-11-20,47,2015
2015-11-27,919,3956,1109,211,962,375,380,1342,2015-11-27,48,2015
2015-12-04,910,3880,1083,203,943,361,379,1323,2015-12-04,49,2015
2015-12-11,894,3846,1066,203,946,361,376,1322,2015-12-11,50,2015
2015-12-18,894,3814,1051,198,947,346,378,1325,2015-12-18,51,2015
2015-12-25,876,3756,1025,195,944,338,378,1322,2015-12-25,52,2015
2016-01-01,857,3643,983,185,925,313,379,1305,2016-01-01,53,2015
2016-01-08,802,3475,942,177,895,295,364,1259,2016-01-08,1,2016
2016-01-15,758,3297,879,170,864,281,345,1209,2016-01-15,2,2016
2016-01-22,695,3086,811,164,821,273,321,1143,2016-01-22,3,2016
2016-01-29,641,2934,767,159,793,271,303,1096,2016-01-29,4,2016
2016-02-05,620,2864,739,151,784,258,312,1096,2016-02-05,5,2016
2016-02-12,568,2701,689,147,756,255,286,1042,2016-02-12,6,2016
2016-02-19,512,2584,645,147,743,256,281,1024,2016-02-19,7,2016
2016-02-26,495,2536,621,145,735,255,285,1020,2016-02-26,8,2016
2016-03-04,464,2479,587,146,733,258,291,1024,2016-03-04,9,2016
2016-03-11,452,2478,577,147,740,259,303,1043,2016-03-11,10,2016
2016-03-18,453,2493,571,148,749,260,312,1061,2016-03-18,11,2016
2016-03-25,439,2468,555,147,750,262,315,1065,2016-03-25,12,2016
2016-04-01,434,2480,548,149,761,265,323,1084,2016-04-01,13,2016
2016-04-08,419,2477,538,150,767,269,334,1101,2016-04-08,14,2016
2016-04-15,408,2484,538,152,774,271,342,1115,2016-04-15,15,2016
2016-04-22,431,2557,554,155,788,277,352,1140,2016-04-22,16,2016
2016-04-29,454,2625,566,157,802,284,362,1164,2016-04-29,17,2016
2016-05-06,468,2681,582,161,813,288,368,1182,2016-05-06,18,2016
2016-05-13,490,2754,606,166,828,293,371,1199,2016-05-13,19,2016
2016-05-20,511,2825,629,171,844,298,372,1216,2016-05-20,20,2016
2016-05-27,537,2907,655,178,863,304,370,1233,2016-05-27,21,2016
2016-06-03,559,2972,679,183,874,307,370,1244,2016-06-03,22,2016
2016-06-10,585,3041,703,188,885,312,368,1253,2016-06-10,23,2016
2016-06-17,612,3103,724,194,890,318,366,1255,2016-06-17,24,2016
2016-06-24,632,3140,742,198,893,315,360,1253,2016-06-24,25,2016
2016-07-01,654,3179,764,202,893,313,354,1246,2016-07-01,26,2016
2016-07-08,678,3243,785,208,898,319,355,1253,2016-07-08,27,2016
2016-07-15,697,3277,801,210,901,318,349,1251,2016-07-15,28,2016
2016-07-22,715,3294,815,213,897,318,336,1233,2016-07-22,29,2016
2016-07-29,729,3288,825,213,886,314,320,1207,2016-07-29,30,2016
2016-08-05,746,3317,845,215,884,314,313,1197,2016-08-05,31,2016
2016-08-12,763,3339,861,217,881,313,305,1185,2016-08-12,32,2016
2016-08-19,775,3350,875,219,879,310,292,1171,2016-08-19,33,2016
2016-08-26,796,3401,904,222,883,310,287,1169,2016-08-26,34,2016
2016-09-02,812,3437,928,224,880,313,280,1160,2016-09-02,35,2016
2016-09-09,832,3499,954,227,884,317,285,1169,2016-09-09,36,2016
2016-09-16,851,3551,985,230,889,318,278,1167,2016-09-16,37,2016
2016-09-23,874,3600,1014,233,885,318,275,1161,2016-09-23,38,2016
2016-09-30,899,3680,1045,237,893,318,289,1181,2016-09-30,39,2016
2016-10-07,913,3759,1071,240,907,323,305,1212,2016-10-07,40,2016
2016-10-14,925,3836,1093,243,920,325,330,1250,2016-10-14,41,2016
2016-10-21,939,3909,1115,245,931,326,352,1284,2016-10-21,42,2016
2016-10-28,940,3963,1130,249,944,326,374,1318,2016-10-28,43,2016
2016-11-04,946,4017,1148,253,958,327,385,1343,2016-11-04,44,2016
2016-11-11,944,4047,1155,257,969,328,394,1363,2016-11-11,45,2016
2016-11-18,935,4045,1153,259,974,328,396,1370,2016-11-18,46,2016
2016-11-25,912,3995,1130,258,967,328,400,1367,2016-11-25,47,2016
2016-12-02,899,3953,1112,256,960,323,403,1363,2016-12-02,48,2016
2016-12-09,865,3806,1071,244,927,312,388,1314,2016-12-09,49,2016
2016-12-16,810,3597,1007,230,884,302,363,1248,2016-12-16,50,2016
2016-12-23,757,3360,946,217,833,283,324,1157,2016-12-23,51,2016
2016-12-30,737,3311,921,207,828,275,343,1171,2016-12-30,52,2016
2017-01-06,698,3160,865,197,794,263,343,1137,2017-01-06,1,2017
2017-01-13,639,2917,795,183,740,248,312,1052,2017-01-13,2,2017
2017-01-20,596,2798,757,173,712,235,325,1037,2017-01-20,3,2017
2017-01-27,569,2711,730,164,687,221,340,1027,2017-01-27,4,2017
2017-02-03,520,2559,685,155,654,208,338,991,2017-02-03,5,2017
2017-02-10,479,2445,642,150,636,205,332,969,2017-02-10,6,2017
2017-02-17,431,2356,612,146,633,206,328,961,2017-02-17,7,2017
2017-02-24,422,2363,608,146,649,205,333,982,2017-02-24,8,2017
2017-03-03,404,2295,579,139,646,201,326,972,2017-03-03,9,2017
2017-03-10,368,2242,557,137,653,203,325,977,2017-03-10,10,2017
2017-03-17,309,2092,506,137,637,208,295,932,2017-03-17,11,2017
2017-03-24,278,2049,486,141,644,212,289,932,2017-03-24,12,2017
2017-03-31,268,2051,479,142,651,216,295,946,2017-03-31,13,2017
2017-04-07,266,2061,476,141,656,221,301,957,2017-04-07,14,2017
2017-04-14,278,2115,487,144,670,223,314,983,2017-04-14,15,2017
2017-04-21,303,2189,504,149,684,228,321,1005,2017-04-21,16,2017
2017-04-28,325,2256,519,153,697,233,329,1026,2017-04-28,17,2017
2017-05-05,350,2301,524,155,702,238,331,1034,2017-05-05,18,2017
2017-05-12,367,2369,540,161,720,244,337,1057,2017-05-12,19,2017
2017-05-19,390,2444,562,166,738,250,338,1076,2017-05-19,20,2017
2017-05-26,419,2525,585,166,755,258,342,1097,2017-05-26,21,2017
2017-06-02,457,2631,614,172,774,269,345,1119,2017-06-02,22,2017
2017-06-09,491,2709,634,177,784,274,348,1133,2017-06-09,23,2017
2017-06-16,513,2770,656,182,794,281,343,1138,2017-06-16,24,2017
2017-06-23,536,2816,676,184,799,280,341,1140,2017-06-23,25,2017
2017-06-30,564,2878,699,187,810,287,332,1141,2017-06-30,26,2017
2017-07-07,588,2936,719,193,817,292,327,1144,2017-07-07,27,2017
2017-07-14,609,2963,733,194,816,292,319,1135,2017-07-14,28,2017
2017-07-21,626,2980,743,197,812,294,308,1120,2017-07-21,29,2017
2017-07-28,651,2999,754,200,805,293,296,1101,2017-07-28,30,2017
2017-08-04,673,3029,771,202,804,289,290,1094,2017-08-04,31,2017
2017-08-11,701,3082,798,204,804,292,283,1087,2017-08-11,32,2017
2017-08-18,728,3125,821,206,800,296,274,1074,2017-08-18,33,2017
2017-08-25,749,3155,840,205,797,301,262,1060,2017-08-25,34,2017
2017-09-01,781,3220,872,205,800,296,266,1066,2017-09-01,35,2017
2017-09-08,809,3311,906,208,807,296,285,1092,2017-09-08,36,2017
2017-09-15,833,3408,938,212,821,300,304,1125,2017-09-15,37,2017
2017-09-22,848,3466,964,217,825,307,305,1130,2017-09-22,38,2017
2017-09-29,861,3508,989,220,827,311,300,1127,2017-09-29,39,2017
2017-10-06,884,3595,1024,223,838,315,310,1149,2017-10-06,40,2017
2017-10-13,901,3645,1054,224,848,316,302,1150,2017-10-13,41,2017
2017-10-20,915,3710,1082,224,861,315,313,1174,2017-10-20,42,2017
2017-10-27,926,3775,1107,226,874,317,324,1199,2017-10-27,43,2017
2017-11-03,925,3790,1112,224,876,317,336,1212,2017-11-03,44,2017
2017-11-10,915,3772,1108,220,873,315,341,1214,2017-11-10,45,2017
2017-11-17,891,3726,1090,220,871,314,340,1211,2017-11-17,46,2017
2017-11-24,876,3693,1068,221,866,314,348,1214,2017-11-24,47,2017
2017-12-01,868,3695,1058,221,875,313,360,1235,2017-12-01,48,2017
2017-12-08,855,3626,1033,213,860,305,360,1220,2017-12-08,49,2017
2017-12-15,811,3444,980,204,825,294,330,1155,2017-12-15,50,2017
2017-12-22,782,3332,941,195,809,281,324,1133,2017-12-22,51,2017
2017-12-29,740,3126,875,183,759,268,302,1060,2017-12-29,52,2017
2018-01-05,664,2767,778,167,683,251,224,907,2018-01-05,1,2018
2018-01-12,614,2584,717,158,646,244,206,851,2018-01-12,2,2018
2018-01-19,555,2296,634,145,578,233,151,729,2018-01-19,3,2018
2018-01-26,525,2197,596,137,550,220,169,719,2018-01-26,4,2018
2018-02-02,488,2078,543,131,518,213,184,703,2018-02-02,5,2018
2018-02-09,432,1884,468,122,472,213,178,649,2018-02-09,6,2018
2018-02-16,403,1760,428,111,440,204,175,614,2018-02-16,7,2018
2018-02-23,382,1682,398,102,429,189,183,611,2018-02-23,8,2018
2018-03-02,359,1625,380,97,423,177,189,612,2018-03-02,9,2018
2018-03-09,314,1532,350,93,420,169,186,606,2018-03-09,10,2018
2018-03-16,270,1446,315,90,419,169,182,602,2018-03-16,11,2018
2018-03-23,242,1383,284,88,422,166,181,603,2018-03-23,12,2018
2018-03-30,229,1354,266,87,419,166,188,606,2018-03-30,13,2018
2018-04-06,217,1335,246,83,422,171,196,618,2018-04-06,14,2018
2018-04-13,207,1299,228,83,421,175,185,606,2018-04-13,15,2018
2018-04-20,205,1281,211,84,421,177,182,604,2018-04-20,16,2018
2018-04-27,223,1343,221,86,436,187,190,626,2018-04-27,17,2018
2018-05-04,243,1432,240,92,458,195,204,662,2018-05-04,18,2018
2018-05-11,275,1538,267,98,477,204,216,694,2018-05-11,19,2018
2018-05-18,299,1629,288,107,496,213,226,722,2018-05-18,20,2018
2018-05-25,328,1725,315,113,514,221,235,748,2018-05-25,21,2018
2018-06-01,351,1817,341,121,528,231,245,773,2018-06-01,22,2018
2018-06-08,377,1913,372,125,547,239,252,800,2018-06-08,23,2018
2018-06-15,406,2008,401,127,570,246,258,828,2018-06-15,24,2018
2018-06-22,430,2074,425,133,583,251,252,835,2018-06-22,25,2018
2018-06-29,460,2152,455,139,596,257,245,841,2018-06-29,26,2018
2018-07-06,480,2203,477,143,605,260,238,843,2018-07-06,27,2018
2018-07-13,507,2248,501,144,607,259,231,838,2018-07-13,28,2018
2018-07-20,527,2272,525,145,605,256,215,820,2018-07-20,29,2018
2018-07-27,552,2305,552,146,601,249,206,807,2018-07-27,30,2018
2018-08-03,574,2353,580,148,604,244,204,808,2018-08-03,31,2018
2018-08-10,590,2386,604,151,606,239,195,802,2018-08-10,32,2018
2018-08-17,611,2435,633,153,609,238,190,799,2018-08-17,33,2018
2018-08-24,637,2504,669,157,613,240,188,801,2018-08-24,34,2018
2018-08-31,659,2567,702,162,615,246,183,799,2018-08-31,35,2018
2018-09-07,679,2636,734,166,624,250,182,806,2018-09-07,36,2018
2018-09-14,709,2722,770,170,635,255,184,818,2018-09-14,37,2018
2018-09-21,729,2768,800,173,634,259,173,807,2018-09-21,38,2018
2018-09-28,763,2866,836,177,648,262,181,829,2018-09-28,39,2018
2018-10-05,790,2956,871,180,663,262,191,854,2018-10-05,40,2018
2018-10-12,812,3037,908,177,673,264,203,877,2018-10-12,41,2018
2018-10-19,825,3095,934,177,678,262,218,896,2018-10-19,42,2018
2018-10-26,826,3143,956,180,686,262,234,919,2018-10-26,43,2018
2018-11-02,831,3208,980,182,696,265,253,949,2018-11-02,44,2018
2018-11-09,835,3247,991,181,702,266,272,974,2018-11-09,45,2018
2018-11-16,803,3113,959,174,668,258,251,919,2018-11-16,46,2018
2018-11-23,778,3054,938,171,654,254,259,914,2018-11-23,47,2018
2018-11-30,752,2991,914,168,642,253,263,905,2018-11-30,48,2018
2018-12-07,732,2914,885,160,627,238,271,898,2018-12-07,49,2018
2018-12-14,692,2773,841,153,598,227,262,860,2018-12-14,50,2018
2018-12-21,676,2725,818,150,584,223,274,858,2018-12-21,51,2018
2018-12-28,661,2705,798,147,582,220,296,878,2018-12-28,52,2018
2019-01-04,651,2614,763,132,563,204,302,865,2019-01-04,1,2019
2019-01-11,620,2533,729,127,557,196,303,861,2019-01-11,2,2019
2019-01-18,566,2370,673,121,528,185,295,823,2019-01-18,3,2019
2019-01-25,527,2197,606,114,493,178,278,771,2019-01-25,4,2019
2019-02-01,468,1960,522,105,451,172,241,692,2019-02-01,5,2019
2019-02-08,444,1882,492,95,447,155,248,696,2019-02-08,6,2019
2019-02-15,395,1705,436,87,425,138,224,649,2019-02-15,7,2019
2019-02-22,354,1539,385,79,399,122,199,598,2019-02-22,8,2019
2019-03-01,311,1390,338,73,377,112,180,557,2019-03-01,9,2019
2019-03-08,262,1190,287,66,344,102,129,473,2019-03-08,10,2019
2019-03-15,245,1143,268,62,336,96,135,471,2019-03-15,11,2019
2019-03-22,225,1107,248,62,329,104,137,467,2019-03-22,12,2019
2019-03-29,210,1130,241,64,347,113,156,502,2019-03-29,13,2019
2019-04-05,209,1155,240,64,357,119,166,523,2019-04-05,14,2019
2019-04-12,228,1247,254,66,384,128,187,571,2019-04-12,15,2019
2019-04-19,251,1339,264,70,413,138,204,616,2019-04-19,16,2019
2019-04-26,279,1462,290,75,442,152,224,666,2019-04-26,17,2019
2019-05-03,299,1547,309,78,466,162,234,699,2019-05-03,18,2019
2019-05-10,330,1653,336,82,491,174,240,731,2019-05-10,19,2019
2019-05-17,353,1753,364,89,513,186,249,762,2019-05-17,20,2019
2019-05-24,383,1867,399,93,540,198,253,793,2019-05-24,21,2019
2019-05-31,414,1986,436,101,565,213,256,821,2019-05-31,22,2019
2019-06-07,440,2088,469,111,586,227,256,842,2019-06-07,23,2019
2019-06-14,472,2203,503,118,612,234,264,875,2019-06-14,24,2019
2019-06-21,499,2301,538,127,630,245,263,893,2019-06-21,25,2019
2019-06-28,526,2390,568,134,648,255,259,907,2019-06-28,26,2019
2019-07-05,544,2471,597,140,669,263,257,927,2019-07-05,27,2019
2019-07-12,561,2533,627,147,683,268,246,929,2019-07-12,28,2019
2019-07-19,575,2569,650,151,692,271,229,921,2019-07-19,29,2019
2019-07-26,597,2634,677,156,708,270,226,934,2019-07-26,30,2019
2019-08-02,613,2689,701,161,719,272,221,941,2019-08-02,31,2019
2019-08-09,634,2738,729,164,725,272,214,939,2019-08-09,32,2019
2019-08-16,660,2797,760,168,730,274,205,935,2019-08-16,33,2019
2019-08-23,682,2857,790,173,736,278,199,934,2019-08-23,34,2019
2019-08-30,714,2941,827,177,749,276,197,947,2019-08-30,35,2019
2019-09-06,739,3019,864,183,759,275,199,958,2019-09-06,36,2019
2019-09-13,763,3103,898,188,774,279,200,974,2019-09-13,37,2019
2019-09-20,794,3205,934,194,790,286,207,998,2019-09-20,38,2019
2019-09-27,826,3317,973,199,809,291,220,1029,2019-09-27,39,2019
2019-10-04,854,3415,1009,203,825,296,229,1054,2019-10-04,40,2019
2019-10-11,880,3519,1044,205,847,296,246,1093,2019-10-11,41,2019
2019-10-18,898,3606,1069,208,866,297,268,1134,2019-10-18,42,2019
2019-10-25,913,3695,1095,211,885,298,293,1178,2019-10-25,43,2019
2019-11-01,932,3729,1109,207,886,292,303,1189,2019-11-01,44,2019
2019-11-08,932,3732,1106,207,884,290,313,1197,2019-11-08,45,2019
2019-11-15,909,3638,1069,205,864,292,299,1164,2019-11-15,46,2019
2019-11-22,894,3610,1052,204,863,293,303,1166,2019-11-22,47,2019
2019-11-29,891,3591,1040,200,858,286,316,1174,2019-11-29,48,2019
2019-12-06,867,3518,1013,193,847,276,321,1168,2019-12-06,49,2019
2019-12-13,838,3411,973,186,823,273,319,1142,2019-12-13,50,2019
2019-12-20,796,3250,923,177,786,260,309,1094,2019-12-20,51,2019
2019-12-27,771,3192,905,173,780,251,313,1093,2019-12-27,52,2019
2020-01-03,756,3148,885,166,774,244,323,1097,2020-01-03,1,2020
2020-01-10,716,3039,851,161,756,235,320,1076,2020-01-10,2,2020
2020-01-17,696,2947,815,151,737,220,328,1065,2020-01-17,3,2020
2020-01-24,638,2746,761,143,698,210,297,995,2020-01-24,4,2020
2020-01-31,598,2609,725,136,660,210,281,941,2020-01-31,5,2020
2020-02-07,569,2494,694,126,634,202,269,903,2020-02-07,6,2020
2020-02-14,527,2343,639,117,605,198,257,861,2020-02-14,7,2020
2020-02-21,484,2200,591,108,578,196,244,821,2020-02-21,8,2020
2020-02-28,451,2091,558,101,555,197,229,784,2020-02-28,9,2020
2020-03-06,426,2043,529,97,556,200,235,791,2020-03-06,10,2020
2020-03-13,412,2034,512,96,568,199,247,814,2020-03-13,11,2020
2020-03-20,398,2005,492,92,571,194,258,829,2020-03-20,12,2020
2020-03-27,382,1986,476,92,585,197,256,840,2020-03-27,13,2020
2020-04-03,382,2024,475,92,607,203,265,872,2020-04-03,14,2020
2020-04-10,400,2097,487,95,626,203,286,912,2020-04-10,15,2020
2020-04-17,400,2140,493,96,640,210,301,941,2020-04-17,16,2020
2020-04-24,405,2210,506,103,664,218,314,979,2020-04-24,17,2020
2020-05-01,424,2319,530,111,695,228,331,1027,2020-05-01,18,2020
2020-05-08,452,2422,554,117,719,240,340,1059,2020-05-08,19,2020
2020-05-15,469,2503,576,124,737,253,345,1081,2020-05-15,20,2020
2020-05-22,504,2612,606,132,757,264,348,1105,2020-05-22,21,2020
2020-05-29,536,2714,634,140,778,273,353,1131,2020-05-29,22,2020
2020-06-05,563,2807,662,148,797,281,357,1153,2020-06-05,23,2020
2020-06-12,586,2892,688,156,815,290,358,1173,2020-06-12,24,2020
2020-06-19,619,3012,716,165,840,299,372,1212,2020-06-19,25,2020
2020-06-26,639,3077,740,173,854,304,368,1222,2020-06-26,26,2020
2020-07-03,657,3133,761,180,862,310,364,1226,2020-07-03,27,2020
2020-07-10,672,3178,780,186,869,312,359,1228,2020-07-10,28,2020
2020-07-17,693,3215,799,190,872,311,349,1221,2020-07-17,29,2020
2020-07-24,706,3241,815,196,872,313,339,1211,2020-07-24,30,2020
2020-07-31,718,3274,830,202,878,311,336,1214,2020-07-31,31,2020
2020-08-07,738,3332,856,206,883,314,337,1219,2020-08-07,32,2020
2020-08-14,750,3375,880,209,888,313,335,1223,2020-08-14,33,2020
2020-08-21,775,3420,904,212,889,306,334,1223,2020-08-21,34,2020
2020-08-28,789,3455,924,212,895,304,331,1225,2020-08-28,35,2020
2020-09-04,805,3525,953,216,908,308,335,1243,2020-09-04,36,2020
2020-09-11,825,3614,983,221,927,310,349,1276,2020-09-11,37,2020
2020-09-18,851,3680,1009,225,934,312,349,1283,2020-09-18,38,2020
2020-09-25,872,3756,1033,231,945,316,358,1304,2020-09-25,39,2020
2020-10-02,893,3831,1062,236,955,318,366,1322,2020-10-02,40,2020
2020-10-09,908,3877,1081,241,960,320,366,1326,2020-10-09,41,2020
2020-10-16,923,3926,1105,245,969,323,360,1329,2020-10-16,42,2020
2020-10-23,941,3955,1118,245,968,323,360,1329,2020-10-23,43,2020
2020-10-30,947,3919,1119,240,945,320,348,1293,2020-10-30,44,2020
2020-11-06,942,3927,1127,243,948,322,345,1293,2020-11-06,45,2020
2020-11-13,953,3958,1139,241,956,319,350,1306,2020-11-13,46,2020
2020-11-20,934,3940,1133,242,956,320,356,1312,2020-11-20,47,2020
2020-11-27,934,3939,1122,240,958,318,368,1326,2020-11-27,48,2020
2020-12-04,915,3848,1095,232,933,312,361,1294,2020-12-04,49,2020
2020-12-11,881,3726,1059,223,908,306,348,1256,2020-12-11,50,2020
2020-12-18,844,3574,1015,212,870,296,337,1207,2020-12-18,51,2020
2020-12-25,810,3460,973,204,849,289,334,1183,2020-12-25,52,2020
2021-01-01,765,3330,923,196,830,282,333,1163,2021-01-01,53,2020
2021-01-08,726,3196,879,188,799,278,327,1126,2021-01-08,1,2021
2021-01-15,679,3009,828,176,755,275,296,1051,2021-01-15,2,2021
2021-01-22,641,2881,780,170,726,275,288,1014,2021-01-22,3,2021
2021-01-29,582,2689,719,158,689,261,281,970,2021-01-29,4,2021
2021-02-05,529,2518,666,150,654,257,261,915,2021-02-05,5,2021
2021-02-12,485,2281,589,137,593,244,233,826,2021-02-12,6,2021
2021-02-19,424,1943,508,123,520,218,150,670,2021-02-19,7,2021
2021-02-26,383,1845,465,117,511,210,159,670,2021-02-26,8,2021
2021-03-05,350,1793,440,113,509,205,176,685,2021-03-05,9,2021
2021-03-12,328,1782,426,114,519,199,197,715,2021-03-12,10,2021
2021-03-19,307,1750,405,112,519,193,215,734,2021-03-19,11,2021
2021-03-26,307,1764,401,112,523,194,226,749,2021-03-26,12,2021
2021-04-02,305,1784,398,115,533,198,235,768,2021-04-02,13,2021
2021-04-09,311,1845,414,118,547,205,251,798,2021-04-09,14,2021
2021-04-16,325,1883,421,118,554,210,256,810,2021-04-16,15,2021
2021-04-23,319,1898,427,119,558,217,258,816,2021-04-23,16,2021
2021-04-30,332,1958,442,124,572,224,264,836,2021-04-30,17,2021
2021-05-07,347,2029,458,131,588,235,269,857,2021-05-07,18,2021
2021-05-14,358,2100,472,135,608,247,280,888,2021-05-14,19,2021
2021-05-21,385,2215,499,144,635,256,296,931,2021-05-21,20,2021
2021-05-28,413,2313,522,151,659,268,300,959,2021-05-28,21,2021
2021-06-04,445,2411,547,160,681,276,302,983,2021-06-04,22,2021
2021-06-11,461,2427,570,165,696,236,299,995,2021-06-11,23,2021
2021-06-18,488,2482,595,169,697,239,295,991,2021-06-18,24,2021
2021-06-25,513,2558,623,173,709,244,296,1005,2021-06-25,25,2021
2021-07-02,521,2574,638,177,705,246,286,991,2021-07-02,26,2021
2021-07-09,543,2629,662,180,712,250,283,995,2021-07-09,27,2021
2021-07-16,562,2678,683,183,723,247,279,1002,2021-07-16,28,2021
2021-07-23,583,2714,702,184,729,246,269,999,2021-07-23,29,2021
2021-07-30,604,2727,719,184,726,244,250,976,2021-07-30,30,2021
2021-08-06,629,2776,741,185,732,241,247,979,2021-08-06,31,2021
2021-08-13,645,2822,765,188,741,240,244,984,2021-08-13,32,2021
2021-08-20,661,2851,790,188,742,241,229,970,2021-08-20,33,2021
2021-08-27,678,2871,812,190,734,243,214,948,2021-08-27,34,2021
2021-09-03,703,2923,842,191,735,243,208,943,2021-09-03,35,2021
2021-09-10,732,3006,876,193,748,240,217,965,2021-09-10,36,2021
2021-09-17,751,3082,904,196,762,240,228,990,2021-09-17,37,2021
2021-09-24,779,3170,934,201,774,243,239,1013,2021-09-24,38,2021
2021-10-01,810,3288,971,206,795,248,259,1054,2021-10-01,39,2021
2021-10-08,834,3369,997,210,810,251,269,1079,2021-10-08,40,2021
2021-10-15,862,3461,1027,211,825,253,283,1108,2021-10-15,41,2021
2021-10-22,885,3548,1052,212,840,255,304,1144,2021-10-22,42,2021
2021-10-29,899,3611,1071,213,852,256,320,1172,2021-10-29,43,2021
2021-11-05,897,3618,1075,213,850,258,324,1175,2021-11-05,44,2021
2021-11-12,900,3644,1079,212,860,261,331,1191,2021-11-12,45,2021
2021-11-19,889,3623,1066,210,859,262,338,1197,2021-11-19,46,2021
2021-11-26,867,3564,1043,206,851,263,335,1185,2021-11-26,47,2021
2021-12-03,843,3505,1019,206,842,266,328,1171,2021-12-03,48,2021
2021-12-10,818,3417,982,199,829,261,328,1158,2021-12-10,49,2021
2021-12-17,809,3362,963,188,820,247,334,1155,2021-12-17,50,2021
2021-12-24,777,3226,918,180,790,235,326,1116,2021-12-24,51,2021
2021-12-31,767,3195,893,172,796,219,347,1143,2021-12-31,52,2021
2022-01-07,730,3016,835,159,759,204,330,1088,2022-01-07,1,2022
2022-01-14,669,2810,770,151,711,201,308,1019,2022-01-14,2,2022
2022-01-21,609,2591,701,143,658,201,279,938,2022-01-21,3,2022
2022-01-28,541,2323,616,133,606,196,231,837,2022-01-28,4,2022
2022-02-04,485,2101,552,121,556,181,207,763,2022-02-04,5,2022
2022-02-11,435,1911,496,114,516,177,173,689,2022-02-11,6,2022
2022-02-18,396,1782,450,105,487,176,168,655,2022-02-18,7,2022
2022-02-25,358,1643,404,96,457,164,163,620,2022-02-25,8,2022
2022-03-04,317,1519,364,93,431,162,151,582,2022-03-04,9,2022
2022-03-11,290,1440,337,87,412,155,159,571,2022-03-11,10,2022
2022-03-18,268,1389,318,87,404,157,156,559,2022-03-18,11,2022
2022-03-25,268,1415,317,89,412,161,169,581,2022-03-25,12,2022
2022-04-01,241,1382,296,91,416,165,173,589,2022-04-01,13,2022
2022-04-08,229,1397,293,90,431,169,186,617,2022-04-08,14,2022
2022-04-15,238,1450,304,89,449,169,201,650,2022-04-15,15,2022
2022-04-22,238,1490,309,90,467,171,215,681,2022-04-22,16,2022
2022-04-29,253,1567,324,92,489,176,233,721,2022-04-29,17,2022
2022-05-06,274,1643,342,96,507,183,241,749,2022-05-06,18,2022
2022-05-13,296,1732,364,103,531,187,251,781,2022-05-13,19,2022
2022-05-20,325,1819,394,109,547,193,252,798,2022-05-20,20,2022
2022-05-27,345,1901,426,113,569,200,248,817,2022-05-27,21,2022
2022-06-03,376,2003,454,118,593,211,251,843,2022-06-03,22,2022
2022-06-10,407,2095,482,122,612,221,251,863,2022-06-10,23,2022
2022-06-17,430,2169,506,128,628,231,248,875,2022-06-17,24,2022
2022-06-24,461,2251,535,134,644,235,242,886,2022-06-24,25,2022
2022-07-01,482,2311,562,138,657,240,233,890,2022-07-01,26,2022
2022-07-08,501,2369,586,143,669,249,221,890,2022-07-08,27,2022
2022-07-15,521,2401,608,144,669,253,206,874,2022-07-15,28,2022
2022-07-22,532,2416,625,144,667,253,195,862,2022-07-22,29,2022
2022-07-29,549,2457,643,147,671,253,195,865,2022-07-29,30,2022
2022-08-05,564,2501,663,148,681,252,193,874,2022-08-05,31,2022
2022-08-12,571,2519,684,151,681,248,185,866,2022-08-12,32,2022
2022-08-19,598,2579,714,153,687,243,184,871,2022-08-19,33,2022
2022-08-26,614,2640,747,157,696,241,185,881,2022-08-26,34,2022
2022-09-02,635,2694,776,159,705,238,182,887,2022-09-02,35,2022
2022-09-09,661,2771,809,163,717,235,187,904,2022-09-09,36,2022
2022-09-16,690,2874,844,168,736,237,199,935,2022-09-16,37,2022
2022-09-23,721,2977,879,176,754,243,204,958,2022-09-23,38,2022
2022-09-30,756,3106,916,184,778,247,225,1003,2022-09-30,39,2022
2022-10-07,782,3231,952,190,804,249,253,1058,2022-10-07,40,2022
2022-10-14,812,3342,987,195,828,249,271,1099,2022-10-14,41,2022
2022-10-21,825,3394,1007,199,839,248,277,1116,2022-10-21,42,2022
2022-10-28,848,3501,1042,204,861,247,299,1160,2022-10-28,43,2022
2022-11-04,865,3580,1068,208,882,247,311,1193,2022-11-04,44,2022
2022-11-11,882,3644,1084,208,901,241,327,1228,2022-11-11,45,2022
2022-11-18,866,3564,1063,203,882,232,318,1200,2022-11-18,46,2022
2022-11-25,840,3483,1040,197,867,226,314,1181,2022-11-25,47,2022
2022-12-02,834,3462,1028,193,864,217,327,1191,2022-12-02,48,2022
2022-12-09,822,3412,1002,186,862,203,337,1199,2022-12-09,49,2022
2022-12-16,789,3325,974,178,858,186,340,1199,2022-12-16,50,2022
2022-12-23,747,3112,899,166,811,165,319,1136,2022-12-23,51,2022
2022-12-30,691,2891,839,157,770,165,270,1040,2022-12-30,52,2022
2023-01-06,700,2902,823,153,772,160,295,1067,2023-01-06,1,2023
2023-01-13,662,2820,785,147,762,157,307,1069,2023-01-13,2,2023
2023-01-20,622,2734,754,140,757,150,310,1067,2023-01-20,3,2023
2023-01-27,578,2583,708,132,728,140,297,1025,2023-01-27,4,2023
2023-02-03,529,2366,641,120,680,124,271,951,2023-02-03,5,2023
2023-02-10,498,2266,601,114,670,122,262,931,2023-02-10,6,2023
2023-02-17,479,2195,575,106,664,108,262,926,2023-02-17,7,2023
2023-02-24,451,2114,544,99,661,99,261,922,2023-02-24,8,2023
2023-03-03,416,2030,515,92,664,81,261,925,2023-03-03,9,2023
2023-03-10,391,1972,490,87,667,72,266,933,2023-03-10,10,2023
2023-03-17,355,1900,461,84,664,72,262,927,2023-03-17,11,2023
2023-03-24,343,1853,437,82,655,73,262,917,2023-03-24,12,2023
2023-03-31,335,1830,421,80,658,73,263,921,2023-03-31,13,2023
2023-04-07,345,1855,427,80,667,74,261,929,2023-04-07,14,2023
2023-04-14,363,1930,450,84,684,83,266,949,2023-04-14,15,2023
2023-04-21,390,2009,468,90,695,90,275,971,2023-04-21,16,2023
2023-04-28,410,2063,481,95,699,100,278,977,2023-04-28,17,2023
2023-05-05,422,2141,497,104,715,114,287,1002,2023-05-05,18,2023
2023-05-12,458,2240,520,112,734,127,290,1023,2023-05-12,19,2023
2023-05-19,489,2336,546,120,748,139,294,1042,2023-05-19,20,2023
2023-05-26,522,2446,577,127,766,151,304,1070,2023-05-26,21,2023
2023-06-02,552,2550,604,137,774,164,319,1093,2023-06-02,22,2023
2023-06-09,574,2634,632,148,781,176,324,1105,2023-06-09,23,2023
2023-06-16,599,2729,658,157,794,191,330,1125,2023-06-16,24,2023
2023-06-23,623,2805,685,165,798,204,330,1128,2023-06-23,25,2023
2023-06-30,643,2881,705,173,816,216,329,1144,2023-06-30,26,2023
2023-07-07,653,2930,724,180,824,225,323,1147,2023-07-07,27,2023
2023-07-14,661,2971,741,186,829,232,321,1150,2023-07-14,28,2023
2023-07-21,670,2987,757,189,829,232,310,1139,2023-07-21,29,2023
2023-07-28,680,3001,775,191,828,230,297,1124,2023-07-28,30,2023
2023-08-04,700,3030,793,196,824,233,284,1108,2023-08-04,31,2023
