Period,month,year,days_in_month,Base_gas,Cons_Elec,injections,cons_plantfuel,pr_exp,imp_pipe,pr_lng_import,Prod_tot,Cons_Comm,Cons_Vehfuel,Prod_marketed,withdrawals,Cons_Resi,exp_LNG,tot_storage_cap,Prod_dry,Tot_working,pr_imp,Prod_delivered,pr_ind,Tot_storage ,Cons_pipefuel,pr_citygate,ext_loss,pr_pipeexp,imp_LNG,imp_tot,exp_tot,pr_resi,Net_withdrawals,Cons_tot,pr_comml,Cons_ind,pr_elec_power,pr_LNG_exp,exp_pipe,Price_HH,Price_k1,Price_k2,Price_k3,wcdd,wcdd_dev,gwhdd,gwhdd_dev
2000-01,1,2000,31,4378.84,0.0,59.13,3.14,2.95,10.1,2.85,66.3,14.58,0.03,55.12,841.2,27.84,0.18,8179.04,52.35,1760.47,2.44,0.0,0.0,6139.3,0.0,3.27,2.77,0.0,0.41,10.51,0.57,6.37,782.06,0.0,5.77,0.0,0.0,0.0,0.0,2.42,2.38,2.39,2.4,,,,
2000-02,2,2000,29,4377.69,0.0,82.92,3.09,3.05,10.0,3.33,65.81,14.51,0.03,54.27,533.28,26.73,0.19,8229.26,51.54,1303.56,2.6,0.0,0.0,5681.26,0.0,3.48,2.73,0.0,0.35,10.35,0.72,6.54,450.36,0.0,5.95,0.0,0.0,0.0,0.0,2.66,2.61,2.6,2.59,,,,
2000-03,3,2000,31,4363.57,0.0,139.27,3.17,3.0,9.41,2.77,66.95,11.22,0.03,55.56,291.38,17.75,0.12,8229.26,52.76,1153.22,2.61,0.0,0.0,5516.79,0.0,3.54,2.79,0.0,0.48,9.89,0.66,6.91,152.11,0.0,5.78,0.0,0.0,0.0,0.0,2.79,2.83,2.85,2.87,,,,
2000-04,4,2000,30,4362.07,0.0,191.79,3.09,3.37,9.15,2.9,65.27,8.51,0.03,54.28,146.09,13.36,0.19,8229.26,51.55,1202.52,2.86,0.0,0.0,5564.59,0.0,3.72,2.73,0.0,0.65,9.8,0.57,7.19,-45.7,0.0,6.03,0.0,0.0,0.0,0.0,3.04,3.03,3.04,3.06,,,,
2000-05,5,2000,31,4362.26,0.0,312.86,3.11,3.52,8.86,3.06,64.56,5.83,0.03,54.57,81.67,7.37,0.19,8229.26,51.83,1433.1,3.05,0.0,0.0,5795.36,0.0,4.15,2.74,0.0,0.43,9.28,0.64,8.26,-231.2,0.0,5.97,0.0,0.0,0.0,0.0,3.59,3.6,3.6,3.61,,,,
2000-06,6,2000,30,4361.32,0.0,348.99,3.14,4.27,9.28,3.49,65.47,4.9,0.03,55.05,64.54,5.14,0.13,8229.26,52.28,1717.31,3.87,0.0,0.0,6078.63,0.0,5.19,2.77,0.0,0.58,9.87,0.54,9.5,-284.46,0.0,6.49,0.0,0.0,0.0,0.0,4.29,4.3,4.28,4.26,,,,
2000-07,7,2000,31,4361.82,0.0,372.13,3.14,4.45,9.46,3.51,65.1,4.42,0.03,55.03,82.85,4.14,0.18,8229.26,52.26,2002.7,3.94,0.0,0.0,6364.52,0.0,5.2,2.77,0.0,0.93,10.4,0.63,10.32,-289.28,0.0,6.55,0.0,0.0,0.0,0.0,3.99,3.97,3.97,3.98,,,,
2000-08,8,2000,31,4361.21,0.0,304.6,3.16,4.13,9.53,3.29,65.74,4.85,0.03,55.44,108.58,3.95,0.18,8229.26,52.66,2199.0,3.62,0.0,0.0,6560.2,0.0,4.63,2.79,0.0,0.74,10.27,0.67,10.37,-196.01,0.0,6.08,0.0,0.0,0.0,0.0,4.43,4.46,4.47,4.53,,,,
2000-09,9,2000,30,4360.39,0.0,370.42,3.16,4.81,9.44,3.7,66.23,4.95,0.03,55.44,79.75,4.69,0.19,8229.26,52.65,2494.29,4.15,0.0,0.0,6854.68,0.0,5.21,2.79,0.0,0.72,10.16,0.69,10.1,-290.68,0.0,6.92,0.0,0.0,0.0,0.0,5.06,5.13,5.25,5.34,,,,
2000-10,10,2000,31,4359.58,0.0,328.89,3.22,5.04,9.59,3.96,67.67,5.84,0.03,56.45,87.54,7.61,0.24,8229.26,53.61,2732.27,5.16,0.0,0.0,7091.84,0.0,5.66,2.84,0.0,0.88,10.47,0.74,9.44,-241.35,0.0,7.48,0.0,0.0,0.0,0.0,5.02,5.08,5.18,5.15,,,,
2000-11,11,2000,30,4360.86,0.0,107.54,3.16,4.39,10.35,3.61,66.66,9.67,0.03,55.49,395.84,16.09,0.19,8246.26,52.7,2442.19,4.86,0.0,0.0,6803.05,0.0,5.2,2.79,0.0,0.64,10.99,0.83,8.58,288.3,0.0,7.57,0.0,0.0,0.0,0.0,5.52,5.74,5.75,5.46,,,,
2000-12,12,2000,31,4352.09,0.0,65.74,3.16,5.65,11.4,4.77,66.79,15.23,0.03,55.43,785.49,29.49,0.18,8246.26,52.65,1718.93,7.35,0.0,0.0,6071.02,0.0,6.64,2.79,0.0,0.58,11.98,0.73,8.56,719.75,0.0,8.2,0.0,0.0,0.0,0.0,8.9,8.62,8.27,7.34,,,,
2001-01,1,2001,31,4343.95,10.98,92.05,3.08,7.48,11.45,6.72,67.64,16.14,0.04,56.56,587.63,31.51,0.18,8247.98,53.93,1265.5,9.47,80.81,8.84,5609.45,2.46,8.91,2.62,8.26,0.59,12.03,0.82,10.12,495.58,86.35,9.5,22.15,0.0,4.69,0.64,8.17,7.82,7.37,6.03,,,,
2001-02,2,2001,28,4328.46,11.17,74.1,3.1,5.8,10.94,5.86,68.22,15.09,0.04,56.52,413.53,27.87,0.13,8247.98,53.9,912.37,6.45,77.03,7.21,5240.82,2.35,7.08,2.62,5.97,0.79,11.72,0.96,10.26,339.43,82.48,9.8,22.86,0.0,4.74,0.83,5.61,5.68,5.56,5.44,,,,
2001-03,3,2001,31,4300.42,11.7,115.76,3.11,4.93,10.8,5.42,68.27,12.12,0.04,56.99,298.45,22.0,0.18,8247.98,54.35,741.55,5.42,67.31,6.3,5041.97,2.05,6.1,2.64,4.97,0.75,11.55,1.04,9.85,182.68,72.47,9.14,21.45,0.0,4.71,0.86,5.23,5.19,5.24,5.29,,,,
2001-04,4,2001,30,4260.59,12.82,348.95,3.09,5.65,9.89,4.72,67.6,8.51,0.04,56.78,69.9,13.36,0.19,8247.98,54.14,992.26,5.35,55.46,6.08,5252.85,1.69,6.3,2.63,6.09,0.73,10.62,0.79,10.16,-279.05,60.24,9.01,20.74,0.0,4.26,0.6,5.19,5.19,5.24,5.29,,,,
2001-05,5,2001,31,4309.37,14.0,519.75,3.06,5.5,9.51,4.29,66.8,5.3,0.04,56.88,40.66,6.75,0.18,8247.98,54.24,1440.1,4.95,44.68,5.46,5749.46,1.36,5.77,2.64,5.81,0.88,10.38,0.93,11.14,-479.09,49.11,9.19,18.6,0.0,4.23,0.75,4.19,4.24,4.32,4.38,,,,
2001-06,6,2001,30,4310.08,16.43,490.24,3.04,4.64,9.69,4.19,66.44,4.51,0.04,56.19,49.38,4.89,0.13,8274.03,53.58,1882.43,3.94,43.77,4.75,6192.51,1.33,5.38,2.61,4.71,0.89,10.58,0.82,11.58,-440.85,48.15,8.5,17.89,0.0,4.29,0.69,3.72,3.78,3.87,3.92,,,,
2001-07,7,2001,31,4315.31,20.47,450.91,3.02,3.62,10.95,3.87,65.87,4.21,0.04,56.04,66.01,3.99,0.18,8271.91,53.44,2260.76,3.17,47.09,4.1,6576.08,1.44,4.03,2.6,3.48,0.81,11.76,1.01,11.22,-384.9,51.55,7.9,18.39,0.0,4.28,0.82,3.11,3.17,3.22,3.31,,,,
2001-08,8,2001,31,4313.05,22.15,386.3,3.04,3.48,10.78,3.51,66.35,4.31,0.04,56.04,79.13,3.77,0.18,8273.01,53.44,2575.8,3.14,49.31,3.99,6888.85,1.5,4.32,2.6,3.28,0.62,11.4,0.93,10.89,-307.17,53.84,7.61,19.03,0.0,4.3,0.75,2.97,2.94,2.98,3.22,,,,
2001-09,9,2001,30,4317.67,17.01,413.22,3.06,2.79,9.77,3.35,66.97,4.78,0.04,56.29,41.29,4.25,0.19,8273.01,53.68,2944.27,2.63,45.36,3.5,7261.93,1.38,3.66,2.61,2.45,0.73,10.5,1.12,10.17,-371.93,49.8,6.96,19.29,0.0,4.4,0.93,2.19,2.21,2.56,2.89,,,,
2001-10,10,2001,31,4309.81,15.03,282.34,3.09,2.74,10.14,2.24,67.65,5.98,0.04,56.69,92.82,7.66,0.25,8273.01,54.06,3143.97,2.14,48.63,3.18,7453.78,1.48,3.37,2.63,2.26,0.38,10.52,1.11,8.24,-189.52,53.2,6.39,19.91,0.0,4.41,0.87,2.46,2.62,2.9,3.06,,,,
2001-11,11,2001,30,4300.65,11.68,210.45,3.05,3.21,9.44,2.89,66.87,7.69,0.04,55.71,137.84,12.02,0.19,8273.01,53.13,3254.1,2.95,52.07,3.88,7554.75,1.59,4.02,2.58,3.04,0.26,9.7,1.39,7.98,-72.61,56.7,6.79,20.63,0.0,4.3,1.2,2.34,2.79,2.98,3.02,,,,
2001-12,12,2001,31,4300.74,11.84,80.18,3.04,2.76,9.56,2.95,66.91,11.16,0.04,55.61,432.05,19.65,0.18,8273.01,53.03,2903.51,2.68,63.42,3.69,7204.25,1.93,3.9,2.58,2.52,0.43,9.99,1.34,7.3,351.86,68.39,6.35,20.73,0.0,4.3,1.16,2.3,2.69,2.75,2.75,,,,
2002-01,1,2002,31,4313.15,12.3,59.48,3.08,2.9,10.82,3.7,66.38,14.04,0.04,54.86,605.98,26.3,0.18,8281.96,52.22,2343.86,2.73,74.82,4.05,6657.02,2.35,3.79,2.64,2.63,0.26,11.08,1.11,7.38,546.5,80.25,6.51,22.13,3.1,4.27,0.93,2.32,2.19,2.2,2.25,,,,
2002-02,2,2002,28,4355.93,12.29,55.46,3.07,2.42,10.66,2.97,66.38,14.28,0.04,54.39,519.58,25.46,0.14,8375.35,51.77,1837.86,2.32,74.67,3.7,6193.79,2.34,3.76,2.62,2.19,0.27,10.93,1.09,7.23,464.12,80.09,6.4,22.59,2.86,4.04,0.95,2.32,2.26,2.32,2.39,,,,
2002-03,3,2002,31,4355.04,13.11,107.77,3.09,2.75,10.4,2.65,66.51,12.03,0.04,54.89,427.86,21.3,0.18,8376.42,52.24,1517.79,2.61,67.64,3.78,5872.83,2.12,3.84,2.64,2.58,0.33,10.73,1.23,7.1,320.09,72.85,6.28,21.16,3.37,3.74,1.05,3.03,3.02,3.04,3.08,,,,
2002-04,4,2002,30,4355.07,13.48,238.09,3.07,3.51,9.93,3.07,65.94,8.91,0.04,54.81,112.3,13.84,0.25,8376.42,52.17,1658.54,3.27,57.82,3.64,6013.61,1.81,4.21,2.64,3.47,0.57,10.5,1.31,7.66,-125.79,62.7,6.56,21.55,3.8,3.68,1.06,3.43,3.41,3.44,3.48,,,,
2002-05,5,2002,31,4361.33,13.23,381.22,3.06,3.32,9.4,3.33,65.42,6.2,0.04,55.2,59.64,8.23,0.06,8376.42,52.54,1968.12,3.25,47.44,4.07,6329.45,1.49,4.07,2.66,3.29,0.91,10.3,1.27,8.54,-321.58,51.98,6.68,19.74,3.78,3.79,1.21,3.5,3.56,3.63,3.67,,,,
2002-06,6,2002,30,4355.21,18.36,397.48,3.06,3.27,9.74,3.38,65.64,4.87,0.04,54.95,56.45,5.33,0.19,8376.42,52.31,2308.18,3.08,48.47,3.86,6663.39,1.52,4.15,2.64,3.18,0.86,10.6,1.5,9.58,-341.02,53.05,6.8,19.86,3.61,3.85,1.31,3.26,3.26,3.32,3.34,,,,
2002-07,7,2002,31,4357.57,23.67,342.8,3.07,3.31,10.43,3.33,65.71,4.41,0.04,55.46,101.29,4.03,0.18,8384.32,52.79,2538.63,2.84,51.7,3.8,6896.2,1.62,3.95,2.67,3.2,0.69,11.12,1.45,10.31,-241.51,56.4,6.62,19.54,3.49,4.09,1.27,2.99,2.94,2.96,3.02,,,,
2002-08,8,2002,31,4356.68,23.15,325.34,3.03,2.99,10.7,3.14,65.12,4.38,0.04,54.33,89.51,3.73,0.18,8384.32,51.72,2773.38,2.7,51.03,3.62,7130.06,1.6,3.67,2.61,2.82,0.78,11.48,1.5,10.44,-235.83,55.67,6.45,19.74,3.42,4.26,1.32,3.09,3.09,3.17,3.46,,,,
2002-09,9,2002,30,4342.47,18.96,339.76,2.98,3.37,10.62,3.32,64.09,4.72,0.04,53.1,71.01,4.13,0.19,8386.28,50.54,3041.64,3.06,46.95,3.89,7384.11,1.48,3.99,2.56,3.24,0.56,11.19,1.55,10.23,-268.74,51.41,6.54,19.11,3.71,4.3,1.37,3.55,3.57,3.87,4.09,,,,
2002-10,10,2002,31,4342.02,14.27,232.18,2.96,3.72,10.19,3.39,63.76,6.43,0.04,52.59,145.24,8.08,0.18,8386.28,50.06,3115.9,3.56,48.61,4.18,7457.92,1.52,4.32,2.53,3.64,0.88,11.08,1.36,8.61,-86.94,53.09,6.64,19.79,4.19,4.28,1.18,4.13,4.09,4.28,4.35,,,,
2002-11,11,2002,30,4344.08,11.72,123.89,3.06,4.21,10.29,3.84,65.98,9.94,0.04,54.47,321.97,16.11,0.19,8431.04,51.85,2928.63,4.04,58.88,4.72,7272.7,1.85,4.65,2.62,4.2,0.73,11.02,1.82,7.99,198.08,63.79,6.89,21.08,4.35,4.3,1.63,4.04,4.04,4.14,4.08,,,,
2002-12,12,2002,31,4340.23,11.62,66.39,3.07,4.3,11.31,4.35,66.24,13.53,0.04,54.67,626.84,24.89,0.18,8431.04,52.04,2375.23,4.2,71.42,4.92,6715.47,2.24,4.74,2.63,4.3,0.65,11.96,1.77,7.87,560.45,76.74,7.16,21.35,4.72,4.34,1.58,4.74,4.84,4.81,4.64,,,,
2003-01,1,2003,31,4343.65,12.34,44.38,3.06,5.61,10.84,4.69,66.35,16.61,0.05,54.54,883.94,30.52,0.18,8403.35,52.15,1522.32,4.89,81.7,5.65,5865.97,2.35,5.28,2.39,5.74,0.75,11.59,1.89,8.18,839.56,87.11,7.48,22.19,5.33,4.43,1.7,5.43,5.38,5.29,5.01,,,,
2003-02,2,2003,28,4336.58,11.95,47.45,3.08,6.46,10.28,4.83,67.17,17.23,0.05,54.9,724.48,31.58,0.2,8412.13,52.49,850.5,5.71,83.8,6.4,5187.08,2.41,5.83,2.41,6.68,0.75,11.03,2.01,8.58,677.03,89.3,7.98,22.99,6.47,4.44,1.81,7.71,6.66,5.96,5.59,,,,
2003-03,3,2003,31,4325.65,11.65,170.79,3.15,8.47,9.46,5.41,67.87,12.52,0.05,56.1,306.14,21.76,0.18,8394.26,53.64,730.06,7.61,65.86,8.27,5055.7,1.89,7.63,2.46,8.97,1.0,10.46,1.67,9.77,135.34,70.9,9.2,19.87,7.05,4.3,1.49,5.93,5.79,5.54,5.44,,,,
2003-04,4,2003,30,4317.16,11.74,277.07,3.12,5.22,9.4,5.4,66.92,8.7,0.05,55.51,119.37,13.82,0.19,8394.26,53.08,893.32,5.0,53.46,5.96,5210.48,1.54,5.6,2.43,5.33,1.09,10.49,1.63,10.18,-157.7,58.12,8.97,19.15,5.38,4.44,1.44,5.26,5.36,5.43,5.46,,,,
2003-05,5,2003,31,4324.11,12.71,452.55,3.08,5.51,9.01,4.79,65.06,5.78,0.05,54.85,40.6,7.99,0.12,8394.26,52.45,1297.56,5.04,44.5,5.78,5621.68,1.28,5.69,2.41,5.59,1.48,10.49,1.57,10.79,-411.95,48.86,8.71,17.97,5.7,4.62,1.44,5.81,5.93,6.01,6.04,,,,
2003-06,6,2003,30,4325.12,14.52,505.15,3.08,5.94,8.63,5.02,65.67,4.48,0.05,54.89,35.86,5.25,0.12,8218.97,52.48,1765.18,5.53,41.34,6.59,6090.3,1.19,6.4,2.41,6.03,1.6,10.23,1.73,12.08,-469.3,45.61,9.0,17.04,6.08,4.76,1.61,5.82,5.92,6.0,6.02,,,,
2003-07,7,2003,31,4324.83,20.33,425.6,3.02,5.31,9.12,5.27,64.25,4.25,0.05,53.78,64.22,4.08,0.21,8195.45,51.42,2125.89,5.11,47.25,5.69,6450.72,1.36,5.83,2.36,5.4,1.86,10.98,1.57,12.75,-361.39,51.63,8.73,18.53,5.45,4.67,1.36,5.03,5.03,5.05,5.1,,,,
2003-08,8,2003,31,4326.76,22.05,372.26,3.08,4.9,9.12,4.4,65.6,4.22,0.05,54.87,61.79,3.74,0.17,8220.22,52.47,2435.75,4.54,48.79,5.28,6762.51,1.4,5.48,2.41,4.95,1.58,10.7,1.64,12.84,-310.47,53.28,8.4,18.73,5.23,4.43,1.48,4.99,4.98,5.04,5.26,,,,
2003-09,9,2003,30,4328.04,15.62,441.61,3.07,4.95,8.89,4.6,65.88,4.54,0.05,54.63,30.56,4.29,0.18,8264.91,52.23,2845.28,4.67,43.3,5.32,7173.31,1.24,5.58,2.4,5.02,1.79,10.69,1.78,12.31,-411.06,47.62,8.41,18.81,5.12,4.4,1.59,4.62,4.67,4.9,5.16,,,,
2003-10,10,2003,31,4326.5,13.19,343.49,3.07,4.63,8.82,4.31,66.36,5.7,0.05,54.66,59.36,7.47,0.25,8264.83,52.27,3130.21,4.48,45.72,4.93,7456.71,1.31,5.33,2.4,4.67,1.86,10.68,2.01,10.64,-284.13,50.1,8.28,19.31,4.98,4.4,1.76,4.63,4.99,5.31,5.48,,,,
2003-11,11,2003,30,4303.49,11.6,141.57,3.03,4.67,9.0,4.34,65.93,8.54,0.05,54.0,228.17,13.79,0.19,8208.5,51.63,3037.96,4.51,53.87,5.19,7341.44,1.55,5.54,2.37,4.69,1.56,10.56,2.4,9.77,86.6,58.45,8.36,19.89,4.85,4.45,2.21,4.47,4.83,5.02,5.0,,,,
2003-12,12,2003,31,4303.15,10.83,69.78,3.03,5.32,10.45,4.78,65.99,12.5,0.05,53.97,544.26,23.83,0.18,8208.38,51.6,2562.62,5.08,68.02,5.9,6865.77,1.97,5.89,2.37,5.39,1.29,11.75,2.48,9.51,474.48,73.02,8.62,20.81,5.69,4.51,2.29,6.13,6.47,6.43,6.0,,,,
2004-01,1,2004,31,4300.8,11.66,59.59,3.04,6.02,10.32,5.71,66.54,16.35,0.06,54.01,874.92,31.06,0.17,8219.47,51.45,1751.04,5.98,81.06,6.72,6051.84,2.21,6.41,2.56,6.15,1.72,12.04,2.16,9.71,815.33,86.32,9.06,21.94,6.37,4.42,2.0,6.14,6.27,6.2,5.51,,,,
2004-02,2,2004,29,4296.55,12.88,47.86,3.03,5.71,10.24,5.78,66.24,16.47,0.06,53.5,650.39,29.57,0.18,8219.07,50.96,1155.76,5.67,81.34,6.52,5452.31,2.22,6.35,2.54,5.81,1.69,11.93,2.41,9.85,602.53,86.59,9.1,22.37,5.76,4.53,2.23,5.37,5.36,5.28,5.24,,,,
2004-03,3,2004,31,4283.47,12.1,167.95,3.06,5.35,9.68,5.23,66.99,11.52,0.06,54.36,271.72,19.08,0.18,8219.07,51.78,1058.41,5.15,62.99,5.97,5341.88,1.72,6.23,2.58,5.4,1.58,11.26,2.93,10.03,103.77,67.77,9.05,20.23,5.5,4.6,2.75,5.39,5.54,5.63,5.67,,,,
2004-04,4,2004,30,4282.84,12.98,298.53,3.05,5.57,9.3,5.25,66.51,8.44,0.06,54.31,95.47,12.65,0.19,8200.82,51.73,1252.46,5.21,53.66,6.06,5535.29,1.46,6.31,2.58,5.65,1.54,10.84,2.06,10.54,-203.06,58.17,9.02,19.53,5.74,4.79,1.88,5.71,5.76,5.84,5.91,,,,
2004-05,5,2004,31,4287.22,15.65,425.09,2.97,6.12,8.82,5.62,64.56,5.58,0.06,53.36,43.26,6.89,0.06,8175.68,50.83,1623.76,5.63,46.5,6.34,5910.98,1.27,6.48,2.53,6.16,1.71,10.53,1.97,11.63,-381.82,50.74,9.23,18.33,6.3,4.89,1.91,6.33,6.4,6.47,6.5,,,,
2004-06,6,2004,30,4284.44,16.94,435.79,3.01,6.48,9.49,6.15,65.53,4.63,0.06,53.97,36.04,4.83,0.13,8175.68,51.41,2022.94,6.06,45.21,6.82,6307.38,1.23,6.94,2.56,6.58,1.91,11.4,2.14,13.08,-399.76,49.46,9.71,18.76,6.52,4.83,2.01,6.27,6.33,6.39,6.4,,,,
2004-07,7,2004,31,4286.58,20.21,424.22,3.0,6.09,9.66,5.71,65.13,4.15,0.06,53.82,59.86,4.03,0.18,8209.78,51.27,2394.57,5.75,46.85,6.41,6681.15,1.28,6.68,2.56,6.19,2.42,12.09,2.16,13.54,-364.36,51.13,9.65,18.41,6.24,4.98,1.98,5.93,6.06,6.1,6.2,,,,
2004-08,8,2004,31,4261.96,19.76,404.99,2.99,5.86,9.7,5.68,65.05,4.15,0.06,53.36,57.22,3.86,0.18,8169.66,50.82,2742.61,5.62,46.64,6.36,7004.57,1.27,6.51,2.53,5.94,1.92,11.62,2.18,13.74,-347.77,50.9,9.66,18.81,5.97,5.05,2.0,5.41,5.47,5.64,6.23,,,,
2004-09,9,2004,30,4253.9,17.65,392.68,2.91,5.47,9.59,5.05,63.64,4.4,0.06,51.68,67.29,4.16,0.25,8148.78,49.23,3056.55,4.96,45.26,5.68,7310.46,1.24,6.06,2.45,5.49,1.9,11.49,2.48,13.31,-325.39,49.4,9.26,18.99,5.39,5.24,2.23,5.15,5.22,5.95,6.59,,,,
2004-10,10,2004,31,4245.98,14.19,309.91,2.96,5.77,9.28,5.42,64.81,5.65,0.06,52.27,62.65,6.98,0.17,8216.6,49.79,3302.24,5.38,46.02,6.03,7548.21,1.26,6.3,2.48,5.83,1.54,10.82,1.97,11.69,-247.26,50.23,9.17,19.14,6.05,5.24,1.8,6.35,7.37,8.39,8.82,,,,
2004-11,11,2004,30,4234.82,12.54,128.2,2.99,7.17,10.92,6.96,65.64,8.54,0.06,52.79,191.89,13.57,0.19,8216.4,50.28,3244.55,6.98,54.93,7.64,7479.37,1.5,7.5,2.51,7.3,1.37,12.29,2.88,11.44,63.69,59.43,10.21,20.22,6.71,5.32,2.69,6.17,7.61,8.21,8.25,,,,
2004-12,12,2004,31,4201.12,12.47,55.2,2.98,7.22,11.27,7.18,65.28,12.96,0.06,52.48,625.85,23.41,0.18,8215.86,49.99,2696.08,6.96,70.19,7.54,6897.2,1.92,7.49,2.49,7.35,2.05,13.33,2.67,11.09,570.65,75.09,10.42,21.3,6.88,5.4,2.49,6.58,6.83,6.92,6.86,,,,
2005-01,1,2005,31,4205.35,12.41,58.48,3.11,6.2,11.2,6.29,65.65,15.06,0.06,52.67,771.45,28.79,0.18,8236.67,50.23,1993.94,6.3,77.31,7.06,6199.29,2.22,7.05,2.44,6.26,1.87,13.07,2.95,10.9,712.97,82.64,10.02,21.0,6.72,5.27,2.77,6.15,6.19,6.23,6.16,,,,
2005-02,2,2005,28,4204.48,11.81,58.9,3.16,6.21,10.82,6.34,66.81,14.71,0.06,53.51,487.46,27.11,0.2,8236.67,51.03,1564.46,6.14,74.8,7.15,5768.94,2.15,7.09,2.48,6.26,1.91,12.73,3.2,10.87,428.56,80.11,9.83,21.11,6.42,5.4,3.0,6.14,6.2,6.27,6.34,,,,
2005-03,3,2005,31,4199.96,12.46,99.85,3.19,6.59,10.77,6.17,67.11,12.16,0.06,54.43,384.78,21.87,0.18,8236.59,51.91,1284.37,6.24,66.07,7.12,5484.33,1.9,7.24,2.52,6.67,1.48,12.25,3.1,10.84,284.93,71.15,9.91,19.51,6.84,5.26,2.92,6.96,7.04,7.16,7.24,,,,
2005-04,4,2005,30,4200.42,13.01,287.84,3.14,7.06,9.29,6.91,65.98,8.09,0.06,53.82,71.97,12.81,0.19,8237.73,51.33,1498.64,6.92,52.84,7.71,5699.06,1.52,7.79,2.49,7.27,1.59,10.87,1.85,11.88,-215.87,57.5,10.25,18.87,7.27,5.19,1.66,7.16,7.15,7.25,7.34,,,,
2005-05,5,2005,31,4200.37,13.64,439.38,3.09,6.75,9.08,6.67,64.86,5.6,0.06,53.29,56.6,7.98,0.12,8237.73,50.82,1875.15,6.58,44.74,7.19,6075.52,1.29,7.51,2.47,6.84,1.7,10.77,1.9,12.74,-382.78,49.12,10.35,17.44,6.83,5.38,1.78,6.47,6.49,6.56,6.63,,,,
2005-06,6,2005,30,4201.25,19.8,390.09,3.13,6.6,8.84,6.37,65.77,4.52,0.06,53.72,65.77,5.07,0.13,8237.73,51.24,2197.49,6.35,46.67,6.91,6398.74,1.34,7.3,2.49,6.68,1.88,10.72,1.83,13.79,-324.32,51.14,10.22,17.22,7.08,5.49,1.7,7.18,7.21,7.27,7.31,,,,
2005-07,7,2005,31,4203.04,25.06,351.38,3.05,7.09,10.74,6.88,64.0,4.02,0.06,52.5,95.14,3.94,0.24,8237.73,50.07,2450.17,6.82,49.92,7.4,6653.21,1.44,7.68,2.43,7.27,1.71,12.45,1.78,14.86,-256.24,54.41,10.58,16.83,7.57,5.89,1.53,7.63,7.58,7.62,7.73,,,,
2005-08,8,2005,31,4202.84,25.53,314.28,3.05,7.93,9.94,7.43,64.13,4.0,0.06,52.24,100.09,3.63,0.18,8238.73,49.82,2662.26,7.5,50.19,7.98,6865.1,1.44,8.2,2.42,8.15,1.41,11.35,1.68,15.51,-214.19,54.68,11.01,16.97,8.67,6.08,1.5,9.53,9.43,9.49,9.88,,,,
2005-09,9,2005,30,4204.73,19.25,359.33,2.78,9.71,9.8,9.88,58.89,4.22,0.06,46.7,86.79,3.94,0.19,8238.73,44.54,2931.7,9.96,43.39,10.18,7136.42,1.25,10.26,2.16,10.26,1.73,11.53,1.46,16.56,-272.54,47.42,12.59,15.91,10.99,5.97,1.27,11.75,12.11,12.59,13.02,,,,
2005-10,10,2005,31,4206.22,14.02,339.91,2.84,11.06,9.89,12.17,60.36,5.23,0.06,47.6,73.92,6.52,0.18,8238.73,45.4,3194.1,11.99,42.02,12.06,7400.32,1.21,12.16,2.2,11.82,1.92,11.82,1.32,16.44,-265.99,46.07,14.29,16.19,11.84,6.24,1.14,13.42,13.45,13.83,14.18,,,,
2005-11,11,2005,30,4209.14,12.45,203.45,2.99,10.34,10.05,12.54,63.39,8.0,0.06,50.48,211.85,12.9,0.19,8238.73,48.14,3189.16,11.31,50.99,12.11,7398.3,1.47,11.57,2.34,10.9,1.93,11.98,1.5,15.64,8.4,55.45,14.76,17.58,9.87,6.4,1.31,10.3,11.7,12.25,12.27,,,,
2005-12,12,2005,31,4200.01,13.1,98.68,3.04,10.59,11.52,10.47,64.38,13.35,0.06,51.37,650.77,24.88,0.18,8238.73,48.99,2635.36,10.91,69.99,11.17,6835.37,2.01,10.77,2.38,11.14,1.65,13.18,1.46,14.6,552.09,75.04,14.01,18.6,11.26,6.68,1.28,13.05,13.42,13.52,13.35,,,,
2006-01,1,2006,31,4202.07,10.27,109.64,3.08,9.52,10.35,10.57,63.72,12.81,0.07,51.97,373.52,23.02,0.18,8238.73,49.54,2371.05,10.11,64.87,10.85,6573.12,1.9,10.8,2.43,9.93,1.27,11.62,1.79,14.92,263.88,69.85,14.16,18.71,9.15,5.9,1.61,8.69,9.14,9.28,9.2,,,,
2006-02,2,2006,28,4202.5,12.36,54.07,3.09,7.71,10.08,8.47,64.08,13.93,0.07,51.82,539.21,25.08,0.2,8238.73,49.4,1886.24,7.96,71.41,9.38,6088.74,2.09,9.34,2.42,7.91,1.38,11.47,2.1,13.98,485.14,76.58,12.95,19.97,8.0,5.81,1.9,7.54,7.52,7.69,7.84,,,,
2006-03,3,2006,31,4196.94,13.13,131.22,3.11,6.79,10.16,7.55,64.34,11.38,0.07,52.63,331.2,20.19,0.18,8238.73,50.17,1691.74,7.0,63.62,8.24,5888.68,1.86,8.81,2.46,6.88,1.07,11.24,2.24,13.17,199.97,68.59,12.07,18.85,7.36,5.69,2.06,6.89,6.98,7.16,7.34,,,,
2006-04,4,2006,30,4198.04,14.2,331.56,3.09,6.72,9.12,7.16,63.63,7.52,0.07,52.35,76.52,11.85,0.19,8238.73,49.91,1945.28,6.73,51.44,7.93,6143.32,1.5,8.29,2.44,6.85,1.96,11.07,1.51,13.27,-255.04,56.03,11.57,17.8,7.32,5.76,1.32,7.16,7.26,7.49,7.72,,,,
2006-05,5,2006,31,4201.71,16.27,419.76,3.07,6.5,9.14,7.09,63.11,5.17,0.07,52.65,52.34,6.56,0.18,8246.63,50.19,2309.94,6.53,44.85,7.63,6511.65,1.31,7.99,2.46,6.56,2.17,11.31,2.02,14.41,-367.42,49.24,11.61,16.78,6.89,5.95,1.84,6.25,6.37,6.64,6.89,,,,
2006-06,6,2006,30,4215.34,20.99,372.98,3.15,6.0,9.55,6.02,64.63,4.48,0.07,53.8,61.93,4.71,0.19,8246.59,51.29,2616.65,5.83,47.17,6.92,6831.98,1.38,7.39,2.51,6.01,2.06,11.6,2.19,15.07,-311.05,51.7,11.09,16.94,6.69,5.94,2.0,6.21,6.38,6.62,6.92,,,,
2006-07,7,2006,31,4213.84,27.86,304.66,3.1,6.02,10.11,6.12,63.72,3.93,0.07,53.24,144.08,3.73,0.18,8253.59,50.75,2779.21,5.95,52.1,6.78,6993.05,1.52,7.4,2.49,6.0,1.86,11.97,1.9,15.72,-160.58,56.73,10.98,16.52,6.69,5.95,1.72,6.17,6.22,6.41,6.83,,,,
2006-08,8,2006,31,4212.74,27.1,301.61,3.12,6.98,10.09,7.03,64.18,4.08,0.07,53.42,112.86,3.5,0.18,8253.59,50.93,2969.22,6.74,51.87,7.36,7181.97,1.52,8.1,2.49,7.04,1.68,11.77,1.77,16.18,-188.75,56.51,11.2,17.12,7.56,6.17,1.58,7.14,6.99,7.33,9.11,,,,
2006-09,9,2006,30,4215.37,18.28,394.58,3.16,5.9,9.78,6.72,64.87,4.43,0.07,53.91,36.98,4.16,0.12,8257.03,51.4,3323.18,5.83,44.29,7.21,7538.55,1.29,7.68,2.52,5.82,1.33,11.12,1.75,15.71,-357.6,48.74,11.16,17.35,6.27,6.22,1.63,4.9,5.22,6.79,8.33,,,,
2006-10,10,2006,31,4216.97,17.02,246.18,3.17,5.06,9.61,5.4,65.35,6.05,0.07,54.04,115.15,7.76,0.1,8286.74,51.52,3452.24,4.88,48.45,5.62,7669.21,1.42,6.42,2.52,4.99,1.17,10.77,1.9,12.51,-131.03,53.04,10.05,17.56,5.76,6.28,1.8,5.85,6.63,7.8,8.25,,,,
2006-11,11,2006,30,4215.86,13.22,158.62,3.19,7.21,9.73,7.42,65.81,8.54,0.07,53.84,206.2,13.78,0.16,8286.74,51.33,3406.65,7.24,54.08,7.74,7622.51,1.58,8.47,2.51,7.26,1.57,11.3,2.32,12.45,47.59,58.85,11.05,18.47,7.48,6.45,2.16,7.41,8.0,8.4,8.44,,,,
2006-12,12,2006,31,4210.95,13.37,99.37,3.21,7.57,10.71,7.81,66.32,11.18,0.07,54.36,442.87,20.12,0.14,8286.74,51.82,3069.96,7.6,63.41,8.23,7280.91,1.85,8.66,2.54,7.64,1.65,12.36,2.32,12.53,343.5,68.48,11.61,18.68,7.57,6.44,2.18,6.73,7.16,7.3,7.32,,,,
2007-01,1,2007,31,4216.33,14.46,56.86,3.24,6.58,10.96,6.38,65.9,13.93,0.07,53.31,740.12,25.91,0.16,8287.55,50.85,2382.9,6.5,74.42,7.36,6599.23,2.18,7.88,2.46,6.62,1.72,12.68,2.23,12.17,683.25,79.86,11.18,20.06,7.08,6.08,2.08,6.55,6.78,6.84,6.9,,,,
2007-02,2,2007,28,4215.73,15.2,50.54,3.28,7.35,11.74,7.54,67.07,17.04,0.07,54.05,782.39,32.12,0.18,8282.15,51.56,1651.57,7.39,85.85,8.25,5867.3,2.51,8.57,2.49,7.49,1.58,13.32,2.02,12.13,731.86,91.68,11.22,21.42,8.18,5.91,1.84,8.0,7.55,7.6,7.67,,,,
2007-03,3,2007,31,4246.89,13.42,219.35,3.34,7.33,10.16,7.53,67.57,11.43,0.07,54.94,269.76,19.89,0.15,8317.15,52.41,1603.0,7.45,63.46,8.42,5849.89,1.86,8.79,2.53,7.42,2.8,12.96,2.49,12.81,50.41,68.67,11.79,18.66,7.64,5.85,2.33,7.11,7.22,7.35,7.48,,,,
2007-04,4,2007,30,4245.87,15.1,273.49,3.29,7.41,9.6,7.22,66.5,8.66,0.07,54.22,153.77,13.59,0.12,8311.75,51.72,1722.74,7.24,55.41,8.14,5968.61,1.62,8.2,2.5,7.53,3.29,12.89,1.69,13.31,-119.72,60.34,11.5,17.99,7.77,5.86,1.57,7.6,7.63,7.76,7.92,,,,
2007-05,5,2007,31,4250.47,16.36,497.74,3.37,7.47,9.22,7.52,66.67,5.43,0.07,55.57,38.2,6.96,0.12,8327.85,53.01,2181.24,7.45,45.63,8.11,6431.71,1.33,8.41,2.56,7.58,3.04,12.26,2.02,14.69,-459.54,50.29,11.51,16.81,7.96,5.65,1.9,7.64,7.82,7.98,8.09,,,,
2007-06,6,2007,30,4231.0,20.95,436.63,3.37,7.31,9.83,7.41,67.33,4.49,0.07,55.55,47.17,4.57,0.11,8327.85,52.99,2582.78,7.32,47.11,7.92,6813.79,1.38,8.45,2.56,7.41,2.89,12.72,1.91,16.28,-389.47,51.84,11.81,17.03,7.8,5.73,1.8,7.35,7.5,7.64,7.72,,,,
2007-07,7,2007,31,4227.0,24.53,397.16,3.34,6.47,10.33,6.92,66.24,3.95,0.07,54.94,83.55,3.79,0.14,8323.15,52.41,2896.26,6.56,48.81,7.51,7123.26,1.43,8.02,2.53,6.51,3.17,13.5,2.28,16.71,-313.6,53.54,11.63,16.47,7.03,5.87,2.14,6.22,6.4,6.51,6.76,,,,
2007-08,8,2007,31,4229.37,31.27,293.74,3.36,6.1,10.94,6.29,66.98,4.1,0.07,55.25,167.1,3.61,0.14,8342.35,52.71,3020.8,6.0,56.19,6.72,7250.17,1.64,7.6,2.55,6.1,2.82,13.76,2.0,16.71,-126.64,61.17,11.19,17.13,6.83,6.06,1.86,6.22,6.14,6.4,7.28,,,,
2007-09,9,2007,30,4233.35,22.78,371.27,3.39,5.83,10.66,5.71,68.01,4.24,0.07,55.82,73.08,3.88,0.12,8384.47,53.25,3315.43,5.49,48.22,6.28,7548.79,1.41,7.0,2.57,5.81,1.39,12.05,2.17,16.03,-298.19,53.02,10.92,17.25,6.33,6.14,2.05,6.08,6.19,7.0,7.72,,,,
2007-10,10,2007,31,4238.25,19.49,331.9,3.4,6.61,10.17,6.84,68.46,5.09,0.07,55.92,75.36,5.62,0.12,8377.17,53.34,3565.38,6.35,47.71,7.06,7803.63,1.39,7.43,2.58,6.45,1.03,11.2,2.05,14.57,-256.54,52.51,10.93,17.45,7.0,9.34,1.94,6.74,7.22,7.88,8.2,,,,
2007-11,11,2007,30,4238.18,14.94,140.78,3.47,7.05,10.47,7.88,69.95,8.57,0.07,57.08,262.09,13.52,0.11,8366.56,54.45,3442.03,7.21,56.04,7.87,7680.21,1.64,8.14,2.63,7.08,0.88,11.35,2.88,13.04,121.32,61.15,11.23,18.94,7.28,6.33,2.77,7.1,7.78,8.1,8.15,,,,
2007-12,12,2007,31,4234.22,16.05,63.48,3.48,7.36,12.13,7.86,70.2,12.74,0.07,57.26,632.43,23.12,0.14,8369.02,54.63,2879.26,7.51,71.81,8.18,7113.48,2.1,8.27,2.64,7.41,0.67,12.8,3.27,12.34,568.96,77.39,11.24,19.82,7.93,6.28,3.13,7.11,7.18,7.28,7.29,,,,
2008-01,1,2008,31,4232.16,17.14,67.36,3.29,7.7,11.65,8.42,69.52,15.39,0.07,56.95,890.98,28.5,0.09,8361.89,54.38,2055.88,7.66,82.4,8.29,6288.04,2.49,8.37,2.57,7.73,0.92,12.57,3.53,12.24,823.62,88.19,11.2,21.28,8.52,6.6,3.43,7.99,7.99,7.96,7.94,6.0,-3.0,955.0,49.0
2008-02,2,2008,29,4221.56,15.13,55.78,3.32,8.36,11.24,9.37,70.48,15.82,0.07,57.45,648.34,28.22,0.09,8361.89,54.86,1464.69,8.34,80.54,8.96,5686.26,2.44,8.91,2.59,8.4,0.81,12.06,3.43,12.58,592.56,86.32,11.49,21.3,8.87,6.9,3.33,8.54,8.64,8.68,8.71,9.0,0.0,845.0,-102.0
2008-03,3,2008,31,4220.52,14.86,130.51,3.36,9.33,11.07,9.41,71.1,12.27,0.07,58.2,349.98,21.17,0.09,8361.89,55.57,1266.07,9.03,68.05,9.61,5486.59,2.06,9.49,2.63,9.4,0.76,11.83,3.24,13.13,219.47,73.49,12.03,19.68,9.53,7.09,3.14,9.41,9.62,9.7,9.78,14.0,-4.0,665.0,120.0
2008-04,4,2008,30,4222.25,15.65,295.9,3.35,9.94,9.66,9.85,70.42,8.51,0.07,58.01,105.51,12.95,0.1,8366.46,55.39,1436.4,9.61,55.76,10.03,5658.65,1.69,9.84,2.62,10.05,1.07,10.74,2.48,14.49,-190.39,60.8,12.63,18.58,10.19,7.09,2.38,10.18,10.29,10.39,10.5,30.0,0.0,372.0,-45.0
2008-05,5,2008,31,4225.43,15.34,460.68,3.35,10.93,8.57,11.33,69.46,5.8,0.07,58.0,56.03,7.43,0.11,8369.88,55.38,1839.54,10.8,46.14,11.35,6064.98,1.4,11.05,2.62,11.13,1.02,9.59,2.23,16.33,-404.66,50.85,13.51,17.5,10.97,7.21,2.11,11.27,11.38,11.51,11.59,99.0,2.0,200.0,85.0
2008-06,6,2008,30,4229.56,22.18,422.93,3.39,11.58,8.46,12.34,70.63,4.46,0.07,58.7,80.53,4.81,0.13,8369.88,56.05,2177.55,11.71,48.63,12.11,6407.11,1.47,11.85,2.65,11.86,1.1,9.56,2.06,18.91,-342.4,53.47,14.68,17.11,12.41,7.38,1.93,12.69,12.78,12.88,12.91,265.0,52.0,27.0,0.0
2008-07,7,2008,31,4228.37,25.23,430.0,3.45,11.9,9.41,12.99,71.14,4.12,0.07,59.77,88.37,3.82,0.12,8369.88,57.07,2517.02,11.78,50.19,13.06,6745.39,1.52,12.48,2.7,12.16,1.0,10.41,2.04,20.77,-341.64,55.12,15.64,16.96,11.71,7.49,1.93,11.09,11.07,11.13,11.26,339.0,18.0,5.0,-2.0
2008-08,8,2008,31,4227.67,24.61,442.23,3.4,8.69,9.46,10.25,70.76,4.09,0.07,58.92,92.22,3.59,0.16,8369.88,56.26,2866.16,8.67,49.41,10.1,7093.83,1.5,10.2,2.66,8.74,1.14,10.6,2.17,20.17,-350.01,54.29,14.19,17.06,8.97,7.97,2.01,8.26,8.3,8.44,8.82,281.0,-9.0,14.0,4.0
2008-09,9,2008,30,4229.96,20.09,398.32,3.0,7.45,9.4,9.06,63.98,4.31,0.07,51.97,97.94,3.94,0.1,8369.88,49.62,3160.92,7.54,44.32,9.13,7390.88,1.34,8.99,2.35,7.38,1.06,10.46,1.84,18.41,-300.38,48.7,13.12,15.93,7.81,8.56,1.74,7.67,7.48,7.8,8.17,170.0,15.0,65.0,6.0
2008-10,10,2008,31,4234.97,17.59,333.89,3.27,6.54,9.48,9.16,69.46,5.98,0.07,56.59,91.44,7.03,0.1,8396.58,54.03,3399.38,6.87,48.02,8.1,7634.36,1.45,7.8,2.56,6.44,0.88,10.37,2.16,15.45,-242.45,52.77,12.06,17.34,6.74,8.72,2.06,6.74,6.73,7.01,7.26,50.0,-3.0,310.0,99.0
2008-11,11,2008,30,4231.54,15.25,193.24,3.39,6.28,9.92,8.09,71.66,9.19,0.07,58.6,250.5,14.45,0.1,8446.91,55.95,3345.91,6.54,57.17,7.34,7577.46,1.73,7.93,2.65,6.19,0.76,10.68,3.01,13.8,57.26,62.3,11.72,18.21,6.64,8.87,2.91,6.68,6.7,6.82,6.86,11.0,-4.0,578.0,12.0
2008-12,12,2008,31,4232.29,15.37,109.52,3.4,6.59,10.78,8.86,71.84,13.64,0.07,58.93,622.5,24.9,0.09,8446.91,56.27,2840.36,6.74,71.82,7.86,7072.66,2.17,8.16,2.66,6.55,0.99,11.77,3.42,12.84,512.98,77.41,11.61,17.85,6.9,8.27,3.34,5.82,5.79,5.82,5.84,8.0,1.0,908.0,37.0
2009-01,1,2009,31,4236.8,15.72,78.23,3.55,5.98,10.64,7.63,72.64,16.71,0.07,60.34,783.29,30.57,0.06,8455.91,57.48,2133.23,6.18,81.88,7.5,6370.03,2.62,7.97,2.85,5.96,0.87,11.51,3.64,12.49,705.06,88.06,11.28,18.81,6.62,7.54,3.59,5.24,5.07,5.07,5.13,4.0,-5.0,1034.0,79.0
2009-02,2,2009,28,4242.87,16.2,99.95,3.59,4.92,10.49,6.82,74.08,15.24,0.07,60.89,471.51,27.01,0.1,8455.91,58.01,1758.02,5.21,77.22,6.43,6000.89,2.47,7.26,2.88,4.9,1.0,11.48,3.69,12.26,371.56,83.3,10.98,18.7,5.62,6.0,3.59,4.52,4.38,4.41,4.5,6.0,-2.0,759.0,-57.0
2009-03,3,2009,31,4247.89,16.12,201.68,3.56,4.29,9.47,6.34,72.98,11.56,0.07,60.49,294.4,19.37,0.09,8455.91,57.62,1659.65,4.34,64.4,5.69,5907.54,2.06,6.85,2.86,4.23,1.02,10.49,3.35,11.98,92.81,70.02,10.46,17.28,4.92,6.42,3.25,3.96,4.0,4.09,4.21,18.0,0.0,631.0,-33.0
2009-04,4,2009,30,4255.16,15.05,356.45,3.5,3.88,8.86,4.2,71.6,8.3,0.07,59.44,105.65,13.01,0.06,8475.38,56.63,1909.92,3.67,52.85,5.05,6165.07,1.69,5.71,2.81,3.79,1.87,10.73,2.67,11.68,-250.81,58.04,9.7,16.41,4.7,7.33,2.6,3.5,3.56,3.69,3.84,41.0,11.0,385.0,12.0
2009-05,5,2009,31,4257.35,16.63,512.36,3.5,3.85,7.0,3.88,70.66,5.36,0.07,59.46,45.38,6.5,0.06,8500.81,56.65,2374.81,3.48,43.65,4.4,6632.16,1.4,5.49,2.81,3.76,1.57,8.57,2.49,12.86,-466.98,48.52,9.42,15.09,4.7,7.2,2.42,3.83,3.93,4.05,4.17,109.0,12.0,139.0,-61.0
2009-06,6,2009,30,4267.9,21.43,448.06,3.52,3.9,7.71,3.89,71.35,4.45,0.07,59.73,62.43,4.7,0.06,8460.17,56.91,2760.13,3.51,45.96,4.56,7028.03,1.47,5.55,2.83,3.79,1.69,9.4,2.21,14.26,-385.63,50.93,9.53,15.3,4.62,7.65,2.14,3.8,3.94,4.1,4.25,222.0,9.0,48.0,21.0
2009-07,7,2009,31,4263.2,25.1,420.8,3.47,3.97,8.79,4.21,70.0,4.13,0.07,58.96,82.6,3.83,0.12,8500.81,56.17,3090.3,3.5,48.49,4.68,7353.5,1.55,5.7,2.79,3.75,1.43,10.22,2.46,15.27,-338.2,53.48,9.74,15.36,4.47,8.0,2.34,3.38,3.55,3.7,3.98,294.0,-27.0,17.0,12.0
2009-08,8,2009,31,4267.27,27.11,362.27,3.5,3.58,9.75,3.94,70.73,4.16,0.07,59.43,87.91,3.6,0.06,8500.81,56.62,3359.12,3.29,50.91,4.38,7626.39,1.63,5.61,2.81,3.46,1.12,10.87,2.54,15.61,-274.37,56.01,9.52,15.98,4.3,8.36,2.48,3.14,3.3,3.71,4.57,307.0,17.0,19.0,5.0
2009-09,9,2009,30,4275.62,23.0,351.9,3.4,3.43,9.16,3.35,69.64,4.38,0.07,57.8,56.74,3.99,0.13,8511.51,55.07,3645.98,2.91,47.57,3.89,7921.6,1.52,5.37,2.73,3.1,1.07,10.23,2.79,14.8,-295.16,52.5,9.35,16.13,4.02,10.2,2.66,2.99,3.46,4.44,5.12,166.0,11.0,69.0,4.0
2009-10,10,2009,31,4281.3,17.32,266.17,3.45,4.29,7.94,3.95,70.88,6.41,0.07,58.55,98.79,8.1,0.06,8511.51,55.78,3809.87,3.92,48.74,4.82,8091.17,1.56,5.65,2.77,4.12,0.87,8.81,2.52,11.78,-167.39,53.76,8.93,16.83,5.04,10.97,2.46,4.01,4.78,5.54,5.83,47.0,-6.0,369.0,60.0
2009-11,11,2009,30,4287.56,15.24,173.01,3.45,4.53,8.61,4.25,71.47,8.38,0.07,58.58,139.55,12.55,0.06,8521.51,55.81,3837.42,4.4,54.0,5.44,8124.99,1.73,6.34,2.77,4.4,1.22,9.83,3.23,11.48,-33.47,59.21,9.45,17.76,5.06,10.69,3.17,3.66,4.63,4.95,5.02,14.0,-1.0,477.0,-100.0
2009-12,12,2009,31,4276.67,16.77,44.09,3.43,5.63,10.15,4.63,70.85,13.83,0.07,58.14,737.94,24.65,0.21,8655.74,55.39,3130.08,5.23,74.54,5.97,7406.74,2.38,6.22,2.75,5.42,1.13,11.28,3.72,10.42,693.84,80.38,9.1,19.22,6.24,9.18,3.51,5.35,5.34,5.4,5.4,7.0,0.0,937.0,29.0
2010-01,1,2010,31,4276.04,17.61,62.62,3.41,6.35,10.59,5.78,71.3,16.1,0.08,58.84,873.47,30.08,0.06,8655.74,56.04,2303.86,5.95,84.65,6.93,6579.9,2.58,6.84,2.8,6.24,1.82,12.41,3.02,10.56,810.84,90.64,9.65,20.78,6.98,11.68,2.96,5.83,5.6,5.56,5.53,3.0,-6.0,998.0,-35.0
2010-02,2,2010,28,4277.62,17.13,37.71,3.49,5.87,9.94,5.74,73.14,15.74,0.08,60.1,657.18,28.38,0.18,8655.74,57.24,1683.33,5.62,82.6,6.76,5960.95,2.52,6.64,2.86,5.74,1.64,11.58,3.14,10.69,619.47,88.61,9.71,21.26,6.27,7.97,2.95,5.32,5.22,5.21,5.27,1.0,-7.0,865.0,106.0
2010-03,3,2010,31,4277.5,14.74,206.71,3.5,5.1,9.09,4.87,73.44,10.88,0.08,60.15,237.57,18.69,0.06,8655.74,57.28,1652.41,4.87,63.68,6.01,5929.91,1.94,6.5,2.87,4.95,1.2,10.28,3.21,10.99,30.86,69.13,9.7,19.31,5.47,12.36,3.15,4.29,4.3,4.37,4.45,5.0,-13.0,581.0,-51.0
2010-04,4,2010,30,4278.37,15.72,427.43,3.49,4.76,8.56,4.25,73.01,7.18,0.08,60.44,67.93,10.44,0.13,8655.74,57.56,2011.1,4.13,51.34,5.12,6289.47,1.56,5.88,2.88,4.36,1.39,9.95,2.53,11.97,-359.5,56.39,9.57,17.92,4.91,12.21,2.4,4.03,4.09,4.18,4.3,33.0,3.0,299.0,-86.0
2010-05,5,2010,31,4279.32,18.05,462.81,3.47,4.68,8.42,4.24,72.15,5.2,0.08,60.85,52.52,6.37,0.06,8660.98,57.95,2419.66,4.13,47.26,5.08,6698.98,1.44,5.81,2.9,4.51,1.19,9.61,2.77,13.12,-410.29,52.17,9.5,17.56,4.96,11.94,2.7,4.14,4.16,4.24,4.32,131.0,34.0,161.0,21.0
2010-06,6,2010,30,4286.64,23.52,384.82,3.43,4.98,8.32,4.2,71.29,4.32,0.08,60.08,63.58,4.47,0.17,8660.98,57.22,2740.06,4.23,50.03,5.04,7026.7,1.52,6.02,2.86,4.79,1.08,9.41,3.0,14.86,-321.24,54.98,9.72,17.64,5.31,8.27,2.83,4.8,4.78,4.83,4.88,279.0,66.0,24.0,-24.0
2010-07,7,2010,31,4287.24,28.94,339.16,3.44,5.25,9.43,4.8,71.25,3.88,0.08,61.16,112.49,3.59,0.12,8660.98,58.25,2965.78,4.4,53.81,5.49,7253.02,1.64,6.31,2.91,4.9,1.17,10.6,2.77,16.21,-226.66,58.9,10.04,17.33,5.34,12.83,2.65,4.63,4.59,4.59,4.66,385.0,64.0,5.0,-13.0
2010-08,8,2010,31,4290.1,30.42,323.21,3.48,4.89,9.14,4.93,72.1,4.09,0.08,61.87,137.43,3.45,0.06,8671.59,58.92,3152.76,4.13,55.44,5.37,7442.86,1.69,6.22,2.95,4.69,0.7,9.84,2.71,16.65,-185.78,60.61,9.94,17.4,5.06,13.19,2.65,4.32,4.22,4.27,4.5,356.0,66.0,7.0,-12.0
2010-09,9,2010,30,4293.8,23.22,410.93,3.57,4.64,8.43,4.6,74.6,4.43,0.08,62.03,52.33,3.91,0.22,8691.91,59.08,3507.65,3.76,49.5,4.61,7801.45,1.51,5.72,2.96,4.16,0.95,9.38,2.65,15.63,-358.6,54.58,9.56,17.86,4.61,9.85,2.43,3.89,3.9,4.1,4.35,196.0,41.0,64.0,-4.0
2010-10,10,2010,31,4305.06,18.4,407.47,3.64,4.41,8.41,4.78,76.03,5.98,0.08,63.1,52.16,6.5,0.26,8691.91,60.09,3850.64,3.83,48.59,4.73,8155.7,1.48,5.7,3.01,3.99,1.1,9.51,3.1,13.37,-355.32,53.71,9.27,17.63,4.45,9.04,2.84,3.43,3.6,3.96,4.18,51.0,-2.0,262.0,-107.0
2010-11,11,2010,30,4309.23,16.55,162.52,3.63,4.42,8.05,5.09,75.89,9.56,0.08,63.09,236.54,14.89,0.32,8691.91,60.08,3768.9,3.96,60.31,4.6,8078.14,1.84,5.48,3.01,4.1,1.05,9.11,4.12,10.89,74.03,65.78,8.86,19.23,4.55,8.18,3.8,3.71,4.04,4.21,4.21,16.0,1.0,569.0,92.0
2010-12,12,2010,31,4301.36,18.2,66.0,3.7,5.01,10.42,5.41,77.43,15.08,0.08,64.01,731.18,27.32,0.49,8709.91,60.96,3111.08,4.56,81.37,5.5,7412.45,2.48,5.74,3.05,4.57,0.93,11.35,4.36,9.98,665.18,87.55,8.82,20.69,5.68,8.5,3.87,4.25,4.28,4.3,4.29,2.0,-5.0,955.0,18.0
2011-01,1,2011,31,4302.79,17.41,50.13,3.45,5.11,10.7,5.56,74.17,17.03,0.08,62.99,849.12,31.28,0.46,8709.91,60.02,2305.84,4.66,87.07,5.66,6608.64,2.67,5.69,2.97,4.74,1.3,12.0,4.38,9.9,798.98,93.18,8.74,21.26,5.66,8.2,3.91,4.49,4.5,4.5,4.49,3.0,-6.0,1029.0,31.0
2011-02,2,2011,28,4302.34,17.27,81.83,3.46,4.79,9.97,4.99,75.15,15.42,0.08,61.75,666.25,27.43,0.18,8709.91,58.83,1721.88,4.49,81.62,5.77,6024.22,2.5,5.75,2.91,4.58,1.14,11.11,4.46,10.14,584.42,87.59,8.88,21.42,5.29,9.71,4.28,4.09,4.04,4.08,4.14,10.0,2.0,813.0,-52.0
2011-03,3,2011,31,4302.11,15.55,167.63,3.6,4.52,8.93,5.35,77.77,11.64,0.08,64.59,313.95,19.19,0.16,8709.91,61.54,1577.01,4.24,66.33,5.21,5879.12,2.03,5.73,3.05,4.31,1.24,10.17,4.66,10.43,146.32,71.95,8.89,19.86,4.84,10.28,4.5,3.97,4.07,4.14,4.21,20.0,2.0,647.0,66.0
2011-04,4,2011,30,4303.57,17.38,312.29,3.63,4.78,8.16,5.42,78.32,7.73,0.08,65.36,100.1,11.35,0.26,8709.91,62.28,1788.48,4.35,55.51,5.34,6092.05,1.7,5.62,3.08,4.55,1.1,9.26,4.21,11.27,-212.19,60.83,9.02,18.96,5.03,8.25,3.95,4.24,4.27,4.33,4.41,56.0,26.0,355.0,56.0
2011-05,5,2011,31,4304.36,18.45,457.72,3.61,4.88,7.61,4.63,77.77,5.36,0.08,65.51,58.31,6.63,0.27,8720.38,62.41,2186.86,4.31,48.69,5.21,6491.22,1.49,5.8,3.09,4.62,1.14,8.75,4.25,12.5,-399.41,53.79,9.35,18.16,5.04,8.62,3.98,4.31,4.34,4.39,4.44,120.0,23.0,186.0,26.0
2011-06,6,2011,30,4301.78,23.31,420.64,3.58,4.83,7.98,6.66,77.1,4.46,0.08,65.15,80.47,4.42,0.06,8720.38,62.07,2529.65,4.6,50.13,5.21,6831.43,1.53,6.12,3.07,4.71,0.91,8.89,3.98,14.7,-340.17,55.24,9.57,17.85,5.2,11.6,3.92,4.54,4.52,4.54,4.57,256.0,43.0,38.0,13.0
2011-07,7,2011,31,4300.14,30.28,359.27,3.54,4.82,8.81,5.5,75.49,4.2,0.08,65.57,115.65,3.68,0.08,8720.38,62.48,2775.35,4.39,55.74,5.05,7075.49,1.71,6.16,3.09,4.64,0.65,9.47,3.65,16.14,-243.62,60.98,9.58,17.5,5.13,12.72,3.57,4.42,4.35,4.34,4.37,411.0,90.0,3.0,-2.0
2011-08,8,2011,31,4300.27,29.72,370.18,3.58,4.63,8.07,6.99,76.47,4.45,0.08,66.34,125.99,3.62,0.06,8720.38,63.21,3019.16,4.4,55.74,5.21,7319.42,1.71,6.19,3.13,4.51,0.98,9.04,3.59,16.67,-244.19,61.03,9.77,17.86,4.85,11.6,3.53,4.06,3.98,4.0,4.14,347.0,57.0,7.0,0.0
2011-09,9,2011,30,4301.29,22.81,453.55,3.65,4.87,7.72,4.48,78.61,4.72,0.08,66.24,55.42,4.09,0.33,8720.38,63.11,3415.7,3.92,50.01,4.84,7716.99,1.53,5.94,3.13,4.19,0.68,8.39,4.22,15.63,-398.13,55.19,9.46,18.31,4.71,12.76,3.89,3.9,3.85,3.95,4.18,184.0,29.0,81.0,17.0
2011-10,10,2011,31,4301.74,18.55,436.75,3.75,4.14,8.11,7.41,80.72,6.65,0.08,68.35,51.53,7.27,0.09,8775.47,65.12,3803.83,4.06,50.96,4.71,8105.57,1.56,5.45,3.23,3.92,0.99,9.1,3.53,12.85,-385.22,56.27,8.94,18.41,4.49,12.54,3.44,3.57,3.62,3.87,4.0,46.0,-7.0,281.0,19.0
2011-11,11,2011,30,4299.73,18.08,221.39,3.83,4.24,7.79,4.2,82.53,9.55,0.08,69.21,183.8,14.48,0.16,8775.59,65.94,3842.88,3.58,62.01,4.64,8142.61,1.9,5.29,3.27,3.8,0.51,8.3,4.25,10.78,-37.59,67.73,8.62,19.81,4.26,15.29,4.09,3.24,3.56,3.68,3.69,16.0,1.0,512.0,-57.0
2011-12,12,2011,31,4301.75,19.8,90.43,3.8,4.08,8.78,5.57,82.06,12.91,0.08,68.87,473.67,22.36,0.17,8775.59,65.62,3462.02,3.66,75.87,4.59,7763.77,2.32,5.03,3.25,3.73,0.83,9.6,4.33,9.83,383.24,82.0,8.3,20.71,4.18,12.83,4.17,3.17,3.25,3.28,3.31,8.0,1.0,775.0,-180.0
2012-01,1,2012,31,4309.13,20.93,74.85,3.83,3.66,8.56,4.25,82.95,14.38,0.08,69.44,619.33,25.62,0.2,8842.95,66.01,2910.01,3.27,82.5,4.58,7219.14,2.58,4.85,3.43,3.25,0.51,9.07,4.21,9.62,544.48,88.91,8.04,21.48,3.82,11.83,4.01,2.67,2.71,2.76,2.85,6.0,-3.0,813.0,-216.0
2012-02,2,2012,29,4309.5,22.23,56.24,3.76,3.06,8.61,4.3,81.38,13.35,0.08,68.08,515.82,22.83,0.06,8854.72,64.72,2448.81,2.86,79.97,4.19,6758.32,2.5,4.73,3.37,2.93,0.69,9.31,4.49,9.47,459.57,86.23,7.76,21.49,3.46,11.3,4.42,2.51,2.53,2.68,2.79,11.0,2.0,714.0,-132.0
2012-03,3,2012,31,4321.45,21.75,240.35,3.77,2.74,7.93,2.95,81.43,8.44,0.08,68.34,205.36,13.0,0.08,8854.72,64.97,2473.13,2.36,62.9,3.71,6794.58,1.96,4.84,3.38,2.59,0.62,8.55,4.55,10.41,-34.99,68.64,8.16,19.63,3.09,10.67,4.47,2.17,2.3,2.4,2.51,36.0,18.0,410.0,-237.0
2012-04,4,2012,30,4325.2,23.81,263.9,3.76,2.28,7.85,2.96,80.58,6.96,0.08,68.15,126.4,9.31,0.0,8882.73,64.78,2611.23,2.04,59.48,3.21,6936.42,1.86,4.19,3.37,2.28,0.25,8.1,4.11,10.94,-137.49,65.1,8.04,19.32,2.81,8.54,4.1,1.95,2.05,2.15,2.27,47.0,17.0,333.0,-22.0
2012-05,5,2012,31,4332.38,26.21,357.96,3.78,2.79,7.83,4.37,80.35,4.81,0.08,68.43,73.74,5.26,0.09,8905.84,65.05,2887.06,2.29,54.95,3.02,7219.44,1.72,4.3,3.38,2.5,0.52,8.36,4.29,12.61,-284.23,60.45,8.14,18.59,3.05,16.1,4.2,2.43,2.49,2.57,2.62,146.0,49.0,98.0,-88.0
2012-06,6,2012,30,4338.1,29.33,323.03,3.76,2.93,8.38,3.1,79.23,4.37,0.08,68.0,90.8,4.11,0.08,8919.14,64.64,3115.45,2.35,56.75,3.34,7453.55,1.77,4.63,3.36,2.65,0.28,8.66,4.17,14.18,-232.23,62.28,8.44,18.86,3.21,17.55,4.09,2.46,2.5,2.54,2.58,242.0,29.0,32.0,-5.0
2012-07,7,2012,31,4342.9,34.89,263.91,3.85,3.05,8.57,5.15,79.52,4.02,0.08,69.75,129.57,3.47,0.0,8922.1,66.31,3245.2,2.78,61.01,3.6,7588.11,1.9,4.88,3.45,3.05,0.5,9.07,3.82,15.13,-134.34,66.77,8.52,18.55,3.54,8.49,3.82,2.95,2.96,2.96,2.99,408.0,87.0,1.0,-1.0
2012-08,8,2012,31,4347.86,32.39,299.8,3.83,3.35,8.46,4.02,76.58,4.31,0.08,69.41,133.92,3.41,0.08,8940.01,65.98,3406.13,2.83,59.12,3.83,7753.99,1.85,5.13,3.43,3.14,0.62,9.08,4.49,15.82,-165.88,64.8,8.71,18.94,3.61,15.15,4.41,2.84,2.81,2.85,3.03,330.0,40.0,10.0,3.0
2012-09,9,2012,30,4351.8,26.75,357.11,3.86,3.0,8.22,3.17,80.35,4.72,0.08,69.81,66.65,3.95,0.0,8979.32,66.36,3693.05,2.67,54.68,3.56,8044.85,1.71,4.76,3.45,3.0,0.38,8.6,4.58,14.72,-290.46,60.24,8.35,19.17,3.54,8.4,4.58,2.85,2.92,3.09,3.33,183.0,28.0,83.0,2.0
2012-10,10,2012,31,4365.05,21.59,327.77,3.86,3.71,7.84,3.18,82.49,6.86,0.08,69.96,85.92,7.75,0.14,8991.57,66.5,3929.25,3.16,55.72,3.94,8294.3,1.74,4.65,3.46,3.46,0.33,8.17,4.51,11.68,-241.85,61.33,8.07,19.44,4.0,11.57,4.37,3.32,3.5,3.79,3.91,56.0,3.0,301.0,20.0
2012-11,11,2012,30,4372.36,19.32,155.55,3.87,3.96,7.32,7.21,82.38,10.27,0.08,70.06,280.93,16.07,0.0,8990.54,66.6,3799.22,4.03,66.32,4.46,8171.57,2.07,4.79,3.46,3.96,0.47,7.8,4.74,9.99,125.38,72.26,7.99,20.57,4.43,8.86,4.74,3.54,3.69,3.8,3.81,13.0,-2.0,580.0,69.0
2012-12,12,2012,31,4372.41,19.34,104.95,3.83,4.15,7.59,5.22,81.41,12.61,0.08,69.44,489.71,21.62,0.18,8992.54,66.01,3412.91,3.93,74.61,4.73,7785.32,2.33,4.79,3.43,3.88,0.54,8.13,5.11,9.8,384.75,80.77,8.18,20.96,4.35,11.76,4.94,3.34,3.44,3.48,3.49,11.0,4.0,758.0,-17.0
2013-01,1,2013,31,4377.47,20.38,71.97,4.0,3.9,8.53,7.86,81.03,15.45,0.08,68.92,793.28,28.14,0.0,8991.38,65.26,2699.23,4.14,85.87,4.58,7076.7,3.0,4.52,3.66,3.9,0.44,8.97,4.98,9.15,721.31,92.86,7.75,21.82,4.56,10.11,4.98,3.33,3.35,3.36,3.4,10.0,1.0,904.0,91.0
2013-02,2,2013,28,4384.02,20.3,44.11,4.01,3.84,8.05,4.47,81.07,15.32,0.08,69.12,648.02,26.79,0.0,9054.87,65.45,2099.35,3.99,84.71,4.54,6483.37,2.96,4.56,3.67,3.84,0.41,8.46,4.75,9.23,603.91,91.68,7.78,22.22,4.59,10.85,4.75,3.33,3.31,3.37,3.43,7.0,-1.0,809.0,115.0
2013-03,3,2013,31,4382.35,19.48,102.52,4.0,4.05,7.74,5.03,80.77,12.69,0.08,68.93,482.54,21.36,0.0,9069.79,65.27,1719.84,3.84,74.72,4.59,6102.2,2.61,4.75,3.66,4.05,0.27,8.01,4.79,9.35,380.02,81.33,7.77,21.1,4.5,10.02,4.79,3.81,3.77,3.81,3.85,10.0,-8.0,717.0,307.0
2013-04,4,2013,30,4381.22,18.83,272.17,4.05,4.43,7.18,4.9,81.54,8.31,0.08,69.82,135.34,12.21,0.0,9072.51,66.12,1855.19,3.98,59.45,4.95,6236.41,2.08,5.16,3.71,4.43,0.17,7.35,4.19,10.43,-136.83,65.58,8.15,20.02,4.84,11.36,4.19,4.17,4.16,4.2,4.24,36.0,6.0,399.0,66.0
2013-05,5,2013,31,4385.08,19.83,467.69,4.04,4.38,7.37,4.51,80.28,5.45,0.08,69.58,48.82,6.23,0.0,9104.18,65.89,2269.56,3.94,50.72,5.0,6654.64,1.77,5.55,3.69,4.37,0.18,7.55,4.58,12.61,-418.87,56.53,8.71,19.13,4.79,12.84,4.58,4.04,4.07,4.11,4.13,110.0,13.0,154.0,55.0
2013-06,6,2013,30,4384.6,24.57,440.52,4.03,4.22,7.62,8.65,79.51,4.53,0.08,69.48,68.65,4.26,0.0,9111.24,65.79,2642.65,3.9,52.24,4.9,7027.25,1.83,5.74,3.69,4.22,0.27,7.89,4.46,15.02,-371.87,58.1,9.07,18.8,4.56,13.38,4.46,3.83,3.81,3.82,3.82,247.0,34.0,30.0,-2.0
2013-07,7,2013,31,4365.31,29.39,373.45,4.11,3.94,7.36,4.59,81.05,4.36,0.08,70.85,98.73,3.6,0.0,9117.3,67.09,2936.86,3.41,56.07,4.47,7302.18,1.96,5.51,3.76,3.93,0.26,7.62,4.15,16.3,-274.72,62.14,9.04,18.64,4.34,12.89,4.15,3.62,3.64,3.64,3.67,351.0,30.0,10.0,9.0
2013-08,8,2013,31,4362.29,29.05,373.63,4.1,3.75,7.34,7.42,80.49,4.42,0.08,70.7,101.61,3.48,0.0,9132.25,66.95,3212.01,3.17,56.11,4.31,7574.29,1.96,5.24,3.75,3.75,0.28,7.62,4.2,16.43,-272.03,62.17,9.04,19.08,4.03,13.25,4.2,3.43,3.41,3.45,3.57,297.0,7.0,11.0,2.0
2013-09,9,2013,30,4363.1,25.05,420.83,4.09,3.88,7.56,9.96,80.48,4.73,0.08,70.52,66.31,3.93,0.0,9171.02,66.77,3564.5,3.49,52.96,4.36,7927.6,1.85,5.21,3.74,3.88,0.56,8.13,4.08,15.69,-354.53,58.9,8.8,19.17,4.22,13.53,4.08,3.62,3.62,3.7,3.86,193.0,38.0,74.0,-8.0
2013-10,10,2013,31,4364.4,20.55,339.98,4.1,3.88,6.93,5.79,81.07,6.67,0.08,70.73,84.36,7.18,0.0,9177.33,66.98,3817.0,3.4,54.22,4.36,8181.4,1.89,4.88,3.75,3.88,0.18,7.11,3.95,12.38,-255.62,60.22,8.28,19.74,4.26,13.09,3.95,3.68,3.65,3.79,3.88,59.0,6.0,286.0,-15.0
2013-11,11,2013,30,4365.58,20.03,155.03,4.15,4.15,7.2,4.62,81.84,11.5,0.08,71.45,365.86,17.25,0.09,9174.45,67.66,3605.34,3.77,70.62,4.62,7970.92,2.47,4.78,3.79,3.92,0.09,7.29,3.79,10.04,210.83,77.23,7.94,21.75,4.36,13.45,3.7,3.64,3.64,3.69,3.69,17.0,2.0,619.0,38.0
2013-12,12,2013,31,4365.14,21.57,93.74,4.08,4.56,8.72,8.75,81.48,15.29,0.08,70.25,807.98,27.36,0.0,9172.95,66.53,2889.89,4.75,87.1,4.97,7255.03,3.04,4.93,3.73,4.56,0.09,8.81,3.78,9.14,714.24,94.22,7.81,22.8,5.11,12.69,3.78,4.24,4.28,4.28,4.25,11.0,4.0,912.0,154.0
2014-01,1,2014,31,4363.44,21.38,68.3,3.9,5.82,9.25,7.13,83.23,18.44,0.1,70.93,1038.87,33.46,0.0,9164.9,66.78,1924.92,7.15,96.68,5.69,6288.36,2.78,5.56,4.15,5.81,0.28,9.53,4.35,9.26,970.57,103.36,8.11,23.3,7.46,13.7,4.35,4.71,4.54,4.42,4.19,3.0,-6.0,1045.0,141.0
2014-02,2,2014,28,4360.23,19.68,104.37,3.99,9.56,8.63,10.99,84.18,17.5,0.1,72.61,832.54,30.46,0.1,9163.82,68.36,1199.99,9.11,91.29,6.63,5560.21,2.62,6.41,4.25,9.44,0.14,8.77,4.95,9.77,728.16,97.9,8.69,23.54,7.8,15.49,4.85,6.0,5.16,4.63,4.56,9.0,1.0,896.0,88.0
2014-03,3,2014,31,4349.99,18.09,134.06,4.02,8.2,7.47,8.47,84.64,13.58,0.1,73.13,487.51,22.58,0.0,9164.45,68.86,857.31,8.12,76.3,6.47,5207.3,2.19,6.57,4.28,8.2,0.09,7.55,4.82,10.7,353.45,82.51,9.35,21.96,6.29,14.31,4.82,4.9,4.49,4.46,4.48,11.0,-7.0,745.0,29.0
2014-04,4,2014,30,4356.66,18.3,322.91,4.12,4.93,6.59,17.34,86.13,8.37,0.1,74.92,105.47,11.87,0.0,9164.5,70.54,1066.38,5.11,59.56,5.85,5423.04,1.71,5.64,4.38,4.93,0.1,6.69,4.06,11.76,-217.44,65.39,9.49,20.93,5.25,13.23,4.06,4.66,4.61,4.63,4.66,34.0,4.0,368.0,-31.0
2014-05,5,2014,31,4352.89,20.87,528.76,4.1,5.01,6.58,5.99,84.94,5.7,0.1,74.52,51.12,6.56,0.06,9176.53,70.16,1547.94,4.6,52.78,5.74,5900.84,1.52,5.9,4.36,4.82,0.09,6.67,3.68,13.6,-477.64,58.39,9.7,19.55,5.09,15.78,3.62,4.58,4.54,4.54,4.53,119.0,22.0,144.0,-10.0
2014-06,6,2014,30,4358.15,24.02,506.39,4.12,4.81,6.39,10.48,85.33,4.72,0.1,74.9,43.75,4.19,0.0,9185.14,70.52,2005.48,5.32,52.55,5.46,6363.62,1.51,6.05,4.38,4.81,0.33,6.72,4.0,16.13,-462.64,58.18,9.94,19.53,4.99,12.58,3.99,4.59,4.59,4.6,4.58,238.0,25.0,22.0,-8.0
2014-07,7,2014,31,4361.28,27.2,463.0,4.21,4.74,6.29,11.8,84.81,4.44,0.1,76.5,63.5,3.64,0.09,9202.39,72.02,2399.97,4.77,54.89,5.43,6761.25,1.58,5.99,4.47,4.48,0.2,6.49,4.11,17.23,-399.5,60.68,10.06,19.52,4.58,16.01,4.01,4.05,4.03,4.03,4.04,308.0,-13.0,16.0,5.0
2014-08,8,2014,31,4366.29,28.96,446.87,4.23,4.38,6.61,6.56,85.32,4.42,0.1,76.91,73.37,3.39,0.09,9210.23,72.41,2768.4,3.87,56.5,4.96,7134.69,1.62,5.49,4.5,4.09,0.05,6.66,3.72,17.41,-373.5,62.36,9.67,19.63,4.25,16.01,3.63,3.91,3.9,3.93,4.0,292.0,2.0,9.0,-2.0
2014-09,9,2014,30,4369.09,25.7,468.6,4.23,4.41,6.53,8.73,87.52,4.96,0.1,76.88,47.07,4.06,0.1,9206.62,72.39,3187.02,4.24,54.52,5.02,7556.11,1.57,5.51,4.5,4.13,0.19,6.72,4.0,16.27,-421.53,60.31,9.39,19.7,4.34,15.74,3.9,3.92,3.92,3.98,4.06,189.0,34.0,77.0,2.0
2014-10,10,2014,31,4367.32,22.69,452.35,4.27,4.37,6.9,4.63,88.25,6.53,0.1,77.65,52.05,6.84,0.09,9209.91,73.11,3587.27,3.87,55.83,5.03,7954.59,1.6,5.16,4.54,4.09,0.22,7.12,3.71,13.11,-400.3,61.7,8.97,19.67,4.23,15.1,3.62,3.78,3.8,3.88,3.96,67.0,14.0,249.0,-36.0
2014-11,11,2014,30,4367.47,20.01,200.39,4.24,4.44,7.58,0.0,88.73,12.05,0.1,77.15,361.4,18.12,0.0,9233.47,72.64,3426.87,3.97,72.27,5.02,7794.34,2.08,4.91,4.51,4.44,0.0,7.58,4.03,10.19,161.01,78.58,8.29,21.99,4.68,12.17,4.03,4.12,4.24,4.34,4.3,9.0,-6.0,662.0,43.0
2014-12,12,2014,31,4364.79,20.61,142.81,4.28,4.25,7.93,7.45,89.36,13.77,0.1,77.75,429.21,23.13,0.0,9233.35,73.2,3141.22,4.44,79.86,5.62,7506.01,2.29,5.15,4.55,4.24,0.26,8.19,4.42,10.01,286.4,86.42,8.53,22.26,4.5,13.5,4.42,3.48,3.51,3.53,3.5,8.0,1.0,770.0,-142.0
2015-01,1,2015,31,4368.46,22.95,69.91,4.28,3.78,8.64,10.9,90.0,17.18,0.11,78.08,795.06,30.26,0.09,9233.14,73.44,2407.12,4.75,93.66,4.9,6775.58,2.54,4.48,4.63,3.51,0.37,9.01,4.66,9.5,725.14,100.48,8.15,23.17,4.31,17.39,4.57,2.99,2.93,2.91,2.88,5.0,-4.0,965.0,-81.0
2015-02,2,2015,28,4368.39,23.16,61.77,4.3,3.98,8.64,9.13,90.02,18.48,0.11,78.46,803.3,32.23,0.1,9232.33,73.81,1665.55,5.46,97.52,4.74,6033.94,2.65,4.57,4.65,3.81,0.44,9.08,5.18,9.08,741.53,104.47,7.81,23.56,5.02,12.87,5.08,2.87,2.76,2.77,2.81,4.0,-4.0,954.0,58.0
2015-03,3,2015,31,4369.36,22.86,182.08,4.32,3.41,7.83,8.1,91.21,12.44,0.11,78.81,375.55,20.42,0.0,9233.04,74.14,1471.48,3.9,77.18,4.46,5840.84,2.09,4.35,4.67,3.4,0.47,8.3,5.29,9.28,193.46,83.59,7.85,21.34,3.71,11.1,5.29,2.83,2.75,2.78,2.82,22.0,4.0,643.0,-102.0
2015-04,4,2015,30,4369.14,22.14,404.94,4.38,2.83,6.74,8.31,91.96,7.74,0.11,79.95,83.65,10.64,0.0,9233.1,75.21,1793.09,2.59,60.9,3.96,6162.23,1.65,3.93,4.74,2.83,0.1,6.84,4.34,10.43,-321.29,66.93,8.03,20.26,3.24,10.53,4.34,2.61,2.59,2.63,2.69,46.0,16.0,334.0,-34.0
2015-05,5,2015,31,4371.01,23.69,540.87,4.32,2.95,6.54,6.04,90.03,5.18,0.11,78.8,44.44,5.73,0.09,9231.0,74.12,2287.24,2.52,54.15,3.58,6658.25,1.47,4.25,4.67,2.85,0.06,6.59,4.33,12.73,-496.43,59.94,8.13,19.45,3.28,7.53,4.24,2.85,2.86,2.9,2.92,126.0,29.0,134.0,-10.0
2015-06,6,2015,30,4375.27,29.55,430.01,4.31,3.01,6.79,6.29,88.67,4.51,0.11,78.61,68.45,4.14,0.09,9230.77,73.95,2646.53,2.56,57.46,3.76,7021.81,1.56,4.44,4.66,2.91,0.09,6.88,4.61,15.07,-361.56,63.33,8.52,19.16,3.25,7.82,4.51,2.78,2.77,2.79,2.81,256.0,43.0,29.0,7.0
2015-07,7,2015,31,4380.28,33.73,378.81,4.32,3.06,6.77,4.53,88.91,4.31,0.11,78.86,94.66,3.49,0.09,9230.77,74.19,2924.43,2.66,60.73,3.74,7304.71,1.65,4.65,4.68,2.96,0.23,7.0,4.64,16.28,-284.14,66.7,8.49,19.09,3.23,8.1,4.55,2.84,2.8,2.81,2.85,342.0,21.0,8.0,-8.0
2015-08,8,2015,31,4372.4,33.12,394.16,4.33,3.09,6.54,3.45,88.54,4.36,0.11,78.95,84.99,3.32,0.09,9221.77,74.27,3241.63,2.74,60.26,3.79,7614.03,1.64,4.59,4.68,2.99,0.36,6.9,4.67,16.88,-309.16,66.22,8.46,19.35,3.23,7.91,4.58,2.77,2.75,2.78,2.88,312.0,22.0,14.0,4.0
2015-09,9,2015,30,4373.21,29.83,435.39,4.35,2.92,6.77,6.03,90.71,4.6,0.11,79.45,63.37,3.62,0.09,9226.6,74.74,3614.08,2.75,57.47,3.65,7987.29,1.56,4.56,4.71,2.84,0.19,6.96,5.42,16.4,-372.02,63.38,8.43,19.3,3.2,7.17,5.33,2.66,2.64,2.72,2.88,225.0,70.0,40.0,-37.0
2015-10,10,2015,31,4373.75,25.53,400.88,4.32,2.73,7.02,12.38,90.52,6.29,0.11,78.87,70.05,6.5,0.09,9227.68,74.19,3942.28,3.23,58.21,3.54,8316.03,1.58,4.0,4.68,2.66,0.28,7.3,5.11,12.6,-330.83,64.11,7.79,19.77,3.04,6.53,5.02,2.34,2.38,2.59,2.73,66.0,13.0,249.0,-1.0
2015-11,11,2015,30,4376.35,24.41,201.29,4.3,2.63,7.02,4.2,90.87,9.44,0.11,78.54,213.6,13.55,0.1,9228.51,73.88,3926.82,2.4,68.8,3.28,8303.18,1.87,3.69,4.66,2.36,0.25,7.27,5.19,10.02,12.31,74.97,7.39,21.28,2.78,16.67,5.09,2.09,2.28,2.43,2.46,26.0,11.0,486.0,-176.0
2015-12,12,2015,31,4371.54,24.79,138.23,4.3,2.57,7.15,4.02,90.71,11.37,0.11,78.55,402.56,19.06,0.1,9230.84,73.89,3666.63,2.28,77.09,3.48,8038.17,2.09,3.75,4.66,2.3,0.18,7.33,5.22,9.27,264.34,83.49,7.23,21.76,2.72,15.95,5.11,1.93,2.04,2.1,2.16,20.0,13.0,640.0,-130.0
2016-01,1,2016,31,4369.16,24.97,66.04,4.27,2.54,8.44,5.48,91.07,16.23,0.11,78.56,794.7,28.35,0.0,9225.13,73.56,2938.09,2.8,92.93,3.62,7307.24,2.53,3.39,5.0,2.54,0.39,8.83,5.44,8.28,728.67,99.73,6.75,23.26,3.18,10.74,5.43,2.28,2.23,2.24,2.3,4.0,-5.0,937.0,-28.0
2016-02,2,2016,29,4369.32,23.79,111.44,4.34,2.28,8.35,5.12,91.51,14.26,0.11,79.67,514.53,23.8,0.11,9235.13,74.6,2534.29,2.43,84.81,3.58,6903.61,2.31,3.48,5.07,2.26,0.34,8.68,5.61,8.36,403.09,91.46,6.86,22.85,2.83,3.59,5.5,1.99,1.93,2.0,2.07,7.0,-2.0,711.0,-279.0
2016-03,3,2016,31,4360.44,24.02,215.37,4.29,2.04,7.49,3.29,91.13,9.63,0.11,78.77,263.95,14.68,0.33,9228.89,73.76,2486.32,1.73,69.82,3.02,6846.76,1.9,3.49,5.01,1.93,0.28,7.77,6.29,9.19,48.58,76.01,7.08,21.38,2.33,4.01,5.96,1.73,1.81,1.91,2.01,24.0,6.0,495.0,-148.0
2016-04,4,2016,30,4363.89,23.96,294.42,4.28,2.15,7.88,3.3,89.29,7.77,0.11,78.72,129.94,10.94,0.33,9232.3,73.71,2645.56,1.61,63.45,3.0,7009.45,1.73,3.22,5.01,2.04,0.16,8.04,5.93,9.65,-164.48,69.46,6.98,20.67,2.52,3.96,5.59,1.92,2.01,2.12,2.23,38.0,8.0,354.0,19.0
2016-05,5,2016,31,4366.21,25.95,402.38,4.23,2.15,7.84,3.45,89.29,5.53,0.11,77.82,73.83,6.26,0.32,9232.94,72.87,2966.27,1.55,57.61,2.9,7332.48,1.57,3.44,4.95,2.03,0.17,8.01,6.07,11.62,-328.55,63.41,7.32,19.76,2.49,4.21,5.75,1.92,2.08,2.23,2.31,106.0,9.0,173.0,39.0
2016-06,6,2016,30,4368.64,32.34,316.42,4.19,2.6,7.81,3.18,87.61,4.61,0.11,77.08,94.09,4.09,0.55,9237.21,72.17,3186.03,1.9,60.84,2.89,7554.67,1.66,3.84,4.91,2.39,0.25,8.06,6.1,14.43,-222.33,66.69,7.72,19.68,2.77,4.72,5.55,2.59,2.63,2.68,2.7,269.0,56.0,19.0,-10.0
2016-07,7,2016,31,4368.85,36.77,283.19,4.23,3.02,8.36,3.21,87.78,4.34,0.11,77.71,150.12,3.43,0.51,9236.02,72.76,3318.14,2.35,64.55,3.57,7686.99,1.76,4.42,4.95,2.78,0.19,8.55,6.09,16.56,-133.07,70.54,8.14,19.89,3.07,5.63,5.58,2.82,2.76,2.74,2.8,387.0,66.0,5.0,-2.0
2016-08,8,2016,31,4369.46,37.14,285.48,4.19,3.13,8.19,3.23,87.83,4.53,0.11,77.09,161.72,3.24,0.86,9236.02,72.18,3441.32,2.42,65.27,3.59,7810.78,1.78,4.33,4.91,2.84,0.26,8.45,6.91,17.6,-123.76,71.24,8.3,20.24,3.07,5.13,6.05,2.82,2.72,2.77,2.93,374.0,84.0,3.0,-10.0
2016-09,9,2016,30,4368.74,30.51,350.79,4.17,3.16,7.85,3.25,87.54,4.73,0.11,76.58,88.4,3.66,0.56,9236.0,71.7,3705.16,2.47,59.15,3.74,8073.91,1.61,4.6,4.88,2.99,0.1,7.95,6.73,16.78,-262.39,64.93,8.28,20.13,3.18,5.11,6.17,2.99,2.9,3.0,3.19,241.0,86.0,30.0,-10.0
2016-10,10,2016,31,4371.36,23.99,386.64,4.15,3.06,7.28,3.1,87.75,6.18,0.11,76.28,78.24,6.04,0.1,9235.9,71.42,4012.72,2.59,56.42,3.87,8384.09,1.54,4.19,4.86,3.05,0.19,7.47,5.69,13.74,-308.4,62.1,7.96,20.09,3.23,3.65,5.6,2.98,3.06,3.32,3.45,88.0,35.0,185.0,-64.0
2016-11,11,2016,30,4372.47,22.07,177.9,4.19,3.0,7.4,4.95,89.27,9.35,0.11,76.92,213.2,12.66,1.1,9235.94,72.02,3976.58,2.7,66.0,3.86,8349.05,1.8,3.9,4.9,2.74,0.3,7.7,7.6,10.77,35.29,71.98,7.67,21.8,3.14,4.58,6.5,2.55,2.88,3.02,3.05,23.0,8.0,452.0,-34.0
2016-12,12,2016,31,4379.74,21.64,86.66,4.14,3.82,8.77,4.63,88.6,14.93,0.11,76.05,762.2,25.62,1.35,9239.04,71.21,3296.94,3.5,85.98,4.27,7676.68,2.34,3.96,4.84,3.65,0.29,9.06,8.09,9.06,675.54,92.46,7.27,23.68,4.15,4.68,6.74,3.59,3.59,3.59,3.55,14.0,7.0,863.0,223.0
2017-01,1,2017,31,4377.9,21.28,112.5,4.09,4.26,8.99,5.56,87.86,15.46,0.13,75.47,787.4,26.8,1.66,9239.9,70.56,2622.16,3.74,87.36,4.85,7000.06,2.54,4.21,4.9,3.75,0.42,9.41,8.71,9.32,674.9,93.99,7.58,23.68,4.31,6.44,7.05,3.3,3.29,3.29,3.29,10.0,1.0,839.0,-98.0
2017-02,2,2017,28,4377.31,20.31,137.03,4.15,3.8,8.79,6.39,89.05,12.84,0.13,76.52,421.97,20.69,1.86,9239.9,71.55,2337.33,3.14,77.19,4.53,6714.64,2.24,4.13,4.97,3.24,0.3,9.09,9.04,10.01,284.94,83.58,7.89,23.21,3.72,5.99,7.18,2.85,2.91,3.0,3.07,15.0,7.0,600.0,-96.0
2017-03,3,2017,31,4377.79,21.68,174.88,4.24,3.21,8.89,4.35,90.23,11.99,0.13,78.25,449.32,18.71,1.4,9240.18,73.17,2062.5,2.68,74.97,3.92,6440.29,2.18,3.84,5.08,2.97,0.16,9.05,8.82,9.86,274.44,81.4,7.68,22.46,3.51,4.47,7.41,2.88,2.99,3.07,3.14,25.0,7.0,604.0,109.0
2017-04,4,2017,30,4378.92,20.9,352.3,4.25,3.65,7.77,3.74,89.67,7.07,0.13,78.35,122.13,9.3,1.69,9251.42,73.26,2291.25,2.64,58.45,4.11,6670.16,1.7,4.2,5.09,3.25,0.17,7.94,8.08,11.34,-230.17,64.4,8.04,21.05,3.5,5.16,6.39,3.1,3.19,3.28,3.34,51.0,21.0,278.0,-76.0
2017-05,5,2017,31,4384.74,22.58,430.35,4.25,3.57,7.7,3.86,89.64,5.76,0.13,78.35,89.62,6.44,1.96,9251.42,73.26,2626.51,2.7,55.18,4.02,7011.24,1.6,4.42,5.09,3.17,0.18,7.88,8.03,13.25,-340.73,61.03,8.31,20.27,3.61,4.8,6.07,3.15,3.24,3.32,3.35,107.0,10.0,177.0,4.0
2017-06,6,2017,30,4353.89,28.37,385.57,4.29,3.41,7.8,3.58,89.61,4.6,0.13,79.11,104.77,4.14,1.75,9256.14,73.97,2906.81,2.62,57.71,4.05,7260.7,1.68,4.82,5.14,3.1,0.19,7.99,8.44,16.06,-280.8,63.68,8.75,20.48,3.4,4.61,6.69,2.98,2.99,3.02,3.01,246.0,33.0,30.0,11.0
2017-07,7,2017,31,4355.74,34.9,303.38,4.34,3.37,7.91,3.44,88.84,4.31,0.13,79.92,153.53,3.47,1.73,9255.83,74.73,3054.15,2.4,62.92,3.92,7409.89,1.83,4.73,5.19,3.13,0.17,8.08,8.03,17.86,-149.85,69.08,8.81,20.11,3.32,4.26,6.3,2.98,2.96,2.95,2.99,364.0,43.0,3.0,-2.0
2017-08,8,2017,31,4355.3,32.97,353.39,4.33,3.27,7.74,3.34,89.34,4.43,0.13,79.88,157.76,3.35,1.47,9258.19,74.69,3249.9,2.38,61.42,3.78,7605.2,1.79,4.61,5.19,3.13,0.25,8.0,7.98,18.22,-195.62,67.54,8.76,20.55,3.24,3.88,6.51,2.9,2.9,2.94,3.02,284.0,-6.0,17.0,13.0
2017-09,9,2017,30,4355.48,28.64,419.31,4.41,3.3,7.56,4.08,92.11,4.83,0.13,81.27,102.78,3.82,1.82,9257.76,75.99,3567.23,2.12,57.92,3.83,7922.71,1.68,4.52,5.28,3.14,0.09,7.65,8.3,16.92,-316.54,64.02,8.52,20.5,3.27,3.88,6.47,2.98,3.01,3.08,3.23,194.0,39.0,64.0,34.0
2017-10,10,2017,31,4353.74,24.92,378.18,4.49,3.37,7.71,4.41,93.92,6.47,0.13,82.72,130.73,6.62,2.59,9257.72,77.34,3816.5,2.06,59.32,3.78,8170.24,1.72,4.03,5.37,3.11,0.08,7.79,9.02,13.39,-247.45,65.53,7.97,21.18,3.24,4.02,6.44,2.88,2.92,3.09,3.2,82.0,29.0,224.0,39.0
2017-11,11,2017,30,4353.09,22.21,199.03,4.63,3.54,7.8,3.59,96.57,10.75,0.13,85.29,285.0,15.59,2.67,9261.09,79.75,3709.26,2.53,71.86,3.84,8062.35,2.09,3.97,5.54,3.18,0.21,8.01,9.59,10.14,85.98,78.58,7.51,23.18,3.5,4.47,6.92,3.01,3.06,3.15,3.15,23.0,8.0,535.0,83.0
2017-12,12,2017,31,4359.79,25.32,90.71,4.66,3.68,8.5,5.55,97.59,15.7,0.13,85.89,785.46,26.51,2.66,9264.13,80.38,3032.6,3.27,92.21,4.19,7392.39,2.68,4.0,5.51,3.28,0.35,8.85,9.68,9.29,694.75,99.55,7.42,24.54,3.81,4.74,7.02,2.82,2.78,2.78,2.74,9.0,2.0,875.0,12.0
2018-01,1,2018,31,4356.96,25.35,140.85,4.34,3.97,9.14,7.51,96.55,17.87,0.14,84.46,1036.9,31.65,2.34,9254.96,78.74,2140.56,4.41,100.25,4.46,6497.52,3.19,4.36,5.72,3.85,0.54,9.67,9.68,8.9,896.05,107.77,7.4,25.23,5.38,4.34,7.35,3.87,3.15,2.96,2.8,4.0,-5.0,958.0,119.0
2018-02,2,2018,28,4357.1,24.64,132.51,4.43,3.93,8.24,5.95,98.26,15.15,0.14,86.23,599.43,24.64,2.63,9254.4,80.39,1672.66,3.02,89.54,4.85,6029.76,2.85,3.99,5.84,3.31,0.24,8.48,9.84,9.63,466.92,96.81,7.74,24.97,3.75,5.62,7.21,2.67,2.66,2.67,2.7,17.0,9.0,702.0,102.0
2018-03,3,2018,31,4353.09,24.4,164.12,4.48,3.37,8.52,7.07,99.01,13.48,0.14,87.23,449.15,21.27,2.95,9251.2,81.33,1390.28,2.45,83.1,4.0,5743.37,2.64,3.69,5.91,2.87,0.21,8.73,9.4,9.76,285.03,90.22,7.71,23.8,3.32,4.45,6.45,2.69,2.7,2.73,2.78,15.0,-3.0,662.0,58.0
2018-04,4,2018,30,4350.46,23.46,255.58,4.47,3.46,7.97,4.57,99.2,10.06,0.14,87.08,223.81,14.69,2.86,9246.18,81.19,1426.8,2.2,71.6,3.89,5777.26,2.28,3.65,5.9,2.98,0.1,8.08,9.3,10.05,-31.77,78.35,7.65,23.24,3.26,4.56,6.44,2.8,2.72,2.76,2.8,22.0,-8.0,479.0,201.0
2018-05,5,2018,31,4351.69,27.36,488.97,4.52,3.7,7.24,4.61,99.95,5.28,0.14,88.09,65.91,5.45,3.06,9246.08,82.12,1847.45,1.73,59.87,3.8,6199.14,1.9,4.14,5.96,2.99,0.09,7.33,8.78,13.52,-423.06,66.29,8.34,21.64,3.16,5.03,5.72,2.8,2.83,2.86,2.87,141.0,44.0,108.0,-68.0
2018-06,6,2018,30,4353.84,31.75,436.18,4.54,3.43,7.52,4.62,99.09,4.75,0.14,88.53,87.63,3.97,2.45,9244.22,82.54,2195.23,1.87,62.25,3.77,6549.06,1.98,4.49,5.99,2.96,0.1,7.62,8.73,16.47,-348.55,68.77,8.58,21.64,3.23,4.65,6.28,2.97,2.94,2.94,2.92,265.0,52.0,21.0,-9.0
2018-07,7,2018,31,4354.24,39.47,361.54,4.63,3.72,7.79,3.72,101.23,4.44,0.14,90.3,175.17,3.42,3.17,9244.72,84.18,2381.27,2.16,69.0,3.75,6735.51,2.19,4.5,6.11,2.98,0.18,7.97,9.87,17.85,-186.38,75.83,8.84,21.54,3.35,5.28,6.7,2.83,2.79,2.77,2.79,376.0,55.0,4.0,1.0
2018-08,8,2018,31,4355.0,38.24,407.14,4.73,3.78,7.47,3.72,103.43,4.61,0.14,92.12,171.78,3.22,2.95,9244.72,85.88,2616.84,2.22,67.76,3.67,6971.85,2.15,5.25,6.24,3.13,0.18,7.65,10.05,18.56,-235.36,74.64,8.69,21.55,3.39,5.33,7.09,2.96,2.91,2.91,2.95,353.0,63.0,6.0,-11.0
2018-09,9,2018,30,4355.77,34.33,463.81,4.81,3.47,7.03,5.02,105.13,4.89,0.14,93.63,129.75,3.74,2.71,9244.72,87.29,2950.37,2.09,65.0,3.75,7306.14,2.07,4.72,6.34,2.98,0.11,7.14,10.06,17.23,-334.06,71.87,8.57,21.9,3.23,4.78,7.35,3.0,2.9,2.9,2.98,236.0,81.0,52.0,-12.0
2018-10,10,2018,31,4356.62,28.64,421.57,4.87,3.76,6.74,5.9,106.93,7.66,0.14,94.81,131.04,8.24,2.9,9244.49,88.4,3236.26,2.61,66.75,4.03,7592.87,2.12,4.1,6.42,3.28,0.2,6.94,9.89,12.22,-290.52,73.74,7.69,22.08,3.52,4.92,6.99,3.28,3.21,3.26,3.32,84.0,31.0,301.0,77.0
2018-11,11,2018,30,4356.31,25.43,213.14,4.95,4.46,6.99,10.7,108.66,12.88,0.14,96.47,418.02,19.97,3.59,9240.25,89.94,3030.08,4.1,82.94,4.51,7386.39,2.64,4.28,6.53,3.92,0.09,7.08,11.26,9.42,204.88,90.53,7.34,24.53,4.34,5.62,7.67,4.09,4.11,4.11,3.96,16.0,1.0,653.0,119.0
2018-12,12,2018,31,4360.53,24.59,190.51,4.93,5.22,7.82,8.64,109.4,14.81,0.14,96.0,510.85,24.7,3.96,9240.54,89.5,2708.32,4.89,89.0,5.47,7068.85,2.83,4.72,6.5,4.39,0.48,8.3,11.74,9.62,320.34,96.76,7.7,24.77,4.89,6.84,7.77,4.04,3.9,3.8,3.58,8.0,1.0,787.0,-88.0
2019-01,1,2019,31,4366.11,27.37,95.14,4.8,4.39,8.91,9.36,108.93,17.88,0.15,95.96,803.76,30.77,4.1,9241.63,89.25,1994.0,4.3,101.99,5.02,6360.11,3.67,4.03,6.71,3.6,0.47,9.38,11.77,9.36,708.61,110.46,7.67,25.83,4.16,5.89,7.67,3.11,3.11,2.97,2.78,5.0,-4.0,945.0,-14.0
2019-02,2,2019,28,4365.89,27.83,104.35,4.83,3.76,8.06,8.97,109.18,16.87,0.15,96.62,672.5,28.9,3.67,9248.74,89.86,1426.21,4.06,99.42,4.62,5792.1,3.58,3.91,6.75,3.17,0.27,8.33,11.78,9.4,568.14,107.83,7.54,25.67,3.78,5.06,8.11,2.69,2.68,2.69,2.71,14.0,6.0,807.0,105.0
2019-03,3,2019,31,4360.57,26.24,189.69,4.85,3.68,8.05,7.7,109.13,13.68,0.15,97.06,434.93,22.21,4.22,9224.36,90.27,1184.89,3.79,86.48,4.31,5545.46,3.11,4.07,6.79,3.04,0.11,8.16,12.05,9.42,245.24,94.45,7.4,24.2,3.6,4.84,7.83,2.95,2.8,2.82,2.86,15.0,-3.0,706.0,44.0
2019-04,4,2019,30,4367.45,24.66,485.6,4.88,3.32,6.79,7.32,110.51,8.22,0.15,97.53,103.53,10.95,4.24,9222.15,90.71,1559.4,2.14,66.48,3.99,5926.85,2.39,3.72,6.82,2.49,0.09,6.89,11.27,10.85,-382.07,73.75,7.72,22.5,2.99,4.7,7.04,2.65,2.6,2.64,2.69,38.0,8.0,327.0,-153.0
2019-05,5,2019,31,4371.97,26.97,556.92,4.92,3.51,6.7,7.66,110.45,5.96,0.15,98.27,85.02,6.85,4.67,9226.18,91.4,2031.03,1.81,61.7,3.64,6403.0,2.22,3.66,6.87,2.94,0.0,6.7,11.89,12.76,-471.9,68.84,8.06,21.77,2.85,4.39,7.21,2.64,2.59,2.62,2.63,122.0,25.0,178.0,70.0
2019-06,6,2019,30,4374.73,33.02,523.07,4.93,3.18,6.7,8.44,109.99,4.82,0.15,98.54,91.81,4.31,4.73,9226.88,91.65,2460.75,1.54,63.43,3.55,6835.48,2.28,4.17,6.89,2.28,0.0,6.71,12.01,15.6,-431.26,70.64,8.29,21.14,2.66,4.57,7.27,2.4,2.33,2.32,2.31,220.0,7.0,33.0,12.0
2019-07,7,2019,31,4374.37,40.47,415.59,4.96,3.47,7.34,6.73,109.55,4.58,0.15,99.09,161.5,3.61,5.06,9226.77,92.16,2714.2,1.86,69.76,3.33,7088.57,2.51,4.17,6.93,2.26,0.09,7.43,12.69,17.74,-254.09,77.22,8.47,20.95,2.63,5.29,7.63,2.37,2.3,2.28,2.32,378.0,57.0,3.0,-1.0
2019-08,8,2019,31,4376.64,41.22,453.25,5.08,3.23,7.01,4.57,111.23,4.54,0.15,101.5,167.6,3.29,4.47,9227.87,94.4,2997.81,1.73,70.89,3.18,7374.44,2.55,4.15,7.1,2.15,0.09,7.1,12.42,18.37,-285.65,78.51,8.41,21.69,2.5,5.13,7.95,2.22,2.17,2.18,2.26,331.0,41.0,9.0,4.0
2019-09,9,2019,30,4378.07,36.03,528.51,5.1,3.56,6.94,0.0,113.22,4.77,0.15,101.88,109.36,3.66,5.34,9229.0,94.76,3414.94,1.65,66.07,3.35,7793.01,2.38,4.07,7.12,2.38,0.0,6.94,13.15,17.61,-419.15,73.54,8.34,21.46,2.68,5.28,7.81,2.56,2.51,2.56,2.7,237.0,82.0,38.0,-14.0
2019-10,10,2019,31,4378.74,30.22,461.42,5.14,3.55,6.61,4.65,114.58,6.97,0.15,102.78,115.66,7.47,5.74,9229.75,95.59,3762.04,2.15,66.86,3.43,8140.78,2.41,3.42,7.18,2.28,0.18,6.79,13.73,12.5,-345.75,74.4,7.63,22.05,2.58,5.31,7.99,2.33,2.34,2.51,2.62,79.0,26.0,295.0,-6.0
2019-11,11,2019,30,4379.98,27.3,201.18,5.22,4.03,7.37,7.12,116.98,12.96,0.15,104.46,350.86,19.64,6.35,9229.8,97.16,3610.03,2.8,84.53,3.86,7990.01,3.04,3.46,7.3,2.66,0.09,7.46,14.73,9.33,149.68,92.79,6.98,24.49,3.08,5.84,8.38,2.65,2.62,2.68,2.63,14.0,-1.0,644.0,-9.0
2019-12,12,2019,31,4379.63,29.4,137.8,5.22,3.89,7.92,6.17,116.86,14.74,0.15,104.35,556.27,24.28,7.12,9229.69,97.05,3188.24,3.23,93.69,3.84,7567.87,3.37,3.5,7.29,2.48,0.34,8.26,15.54,9.3,418.47,102.28,7.19,25.13,3.04,5.55,8.42,2.22,2.28,2.27,2.22,10.0,3.0,778.0,-8.0
2020-01,1,2020,31,4380.4,30.61,94.44,5.15,3.74,8.03,6.03,116.02,15.83,0.13,103.04,665.07,26.61,8.07,9247.33,95.33,2616.18,2.64,98.35,3.71,6996.58,3.62,3.26,7.71,2.13,0.43,8.45,16.47,9.43,570.63,107.11,7.24,25.17,2.74,5.42,8.39,2.02,2.03,2.02,2.04,9.0,0.0,808.0,-136.0
2020-02,2,2020,29,4379.19,30.79,98.9,5.14,3.51,8.02,5.67,115.98,15.43,0.13,102.92,634.41,25.42,7.79,9247.29,95.21,2080.88,2.04,96.76,3.58,6460.08,3.56,3.09,7.7,1.93,0.2,8.22,15.66,9.19,535.51,105.47,7.03,24.98,2.5,5.12,7.88,1.91,1.84,1.87,1.92,10.0,1.0,757.0,-78.0
2020-03,3,2020,31,4379.31,28.73,236.34,5.15,3.3,6.79,4.34,115.56,10.94,0.13,103.1,285.49,16.99,7.88,9247.26,95.39,2029.36,1.68,79.72,3.39,6408.67,2.93,3.25,7.72,1.74,0.09,6.88,16.05,9.8,49.15,87.81,7.29,22.92,2.23,4.91,8.17,1.79,1.73,1.78,1.87,33.0,15.0,552.0,-154.0
2020-04,4,2020,30,4383.96,25.93,436.76,5.02,3.21,6.23,1.48,112.47,7.94,0.13,100.39,130.58,12.6,7.02,9256.69,92.88,2332.49,1.5,67.72,3.0,6716.45,2.49,3.05,7.51,1.68,0.11,6.33,14.03,10.42,-306.18,75.23,7.24,21.12,2.2,4.74,7.01,1.74,1.76,1.9,2.08,41.0,11.0,413.0,87.0
2020-05,5,2020,31,4386.65,27.0,521.99,4.72,3.61,5.93,4.26,105.97,5.25,0.13,94.42,73.99,7.63,5.89,9256.97,87.35,2777.58,1.63,59.92,2.91,7164.23,2.2,3.31,7.07,1.97,0.09,6.02,12.76,11.79,-448.01,66.84,7.73,19.9,2.26,5.53,6.87,1.75,1.81,2.0,2.08,108.0,11.0,188.0,9.0
2020-06,6,2020,30,4389.42,34.7,442.8,4.79,2.99,6.09,1.61,107.25,4.39,0.13,95.77,84.85,4.54,3.63,9256.93,88.6,3133.1,1.54,63.8,2.72,7522.52,2.35,3.81,7.17,1.78,0.16,6.25,11.28,15.33,-357.95,70.93,8.24,20.03,2.1,5.55,7.65,1.63,1.7,1.78,1.84,246.0,33.0,26.0,-7.0
2020-07,7,2020,31,4390.26,43.41,312.2,4.87,2.9,6.66,4.59,108.83,4.16,0.13,97.46,151.04,3.81,3.1,9256.88,90.17,3293.55,1.65,71.97,2.58,7683.81,2.65,3.92,7.29,1.83,0.13,6.79,11.26,17.49,-161.16,79.49,8.49,20.45,2.14,5.73,8.16,1.77,1.77,1.83,1.97,396.0,75.0,2.0,0.0
2020-08,8,2020,31,4389.7,41.16,401.38,4.86,3.28,6.72,1.52,108.06,4.23,0.13,97.15,173.89,3.51,3.63,9256.86,89.88,3522.22,1.89,69.98,2.85,7911.92,2.57,4.09,7.27,2.11,0.09,6.82,11.62,18.27,-227.5,77.4,8.48,20.94,2.5,5.85,7.99,2.3,2.34,2.49,2.81,345.0,55.0,8.0,-2.0
2020-09,9,2020,30,4388.93,33.86,449.59,4.86,3.49,5.77,3.4,108.84,4.79,0.13,97.25,126.17,4.22,5.04,9256.83,89.97,3839.84,2.02,64.47,3.3,8228.77,2.37,4.07,7.28,2.23,0.04,5.81,13.18,16.85,-323.42,71.71,8.45,21.47,2.49,5.53,8.14,1.92,2.28,2.82,3.22,179.0,24.0,79.0,42.0
2020-10,10,2020,31,4392.85,30.59,283.12,4.82,3.85,6.43,4.74,108.51,6.73,0.13,96.51,190.71,7.8,7.19,9258.79,89.29,3928.5,2.19,67.4,3.29,8321.35,2.48,3.5,7.22,2.17,0.0,6.43,15.54,12.26,-92.41,74.71,7.59,22.15,2.58,5.8,8.34,2.39,2.84,3.23,3.35,75.0,22.0,294.0,-1.0
2020-11,11,2020,30,4393.84,25.74,218.13,4.97,4.77,6.96,6.93,111.75,9.78,0.13,99.48,214.32,14.66,9.36,9259.45,92.04,3931.62,2.71,73.72,3.98,8325.46,2.71,3.81,7.45,2.73,0.09,7.05,17.61,10.99,-3.81,81.4,7.64,23.4,3.09,6.58,8.25,2.61,2.87,2.99,2.97,27.0,12.0,466.0,-178.0
2020-12,12,2020,31,4394.46,28.54,94.14,4.98,4.84,8.42,5.54,112.56,14.64,0.13,99.64,681.39,25.79,9.81,9259.49,92.18,3340.98,2.8,94.23,4.11,7735.44,3.46,3.57,7.46,2.85,0.18,8.6,17.84,9.75,587.25,102.67,7.4,25.11,3.3,6.48,8.03,2.59,2.58,2.58,2.57,5.0,-2.0,809.0,31.0
2021-01,1,2021,31,4394.39,28.14,75.82,5.12,4.62,8.96,7.62,113.45,16.05,0.15,100.59,782.89,28.87,9.85,9259.49,93.02,2634.97,2.86,98.71,4.08,7029.36,4.03,3.27,7.57,2.89,0.21,9.16,18.18,9.63,707.07,107.87,7.4,25.5,3.33,6.08,8.33,2.71,2.65,2.63,2.64,5.0,-4.0,876.0,68.0
2021-02,2,2021,28,4388.7,28.11,122.36,4.75,12.68,9.51,9.44,105.36,17.76,0.15,93.16,903.86,31.28,7.44,9259.46,86.15,1859.22,5.63,101.78,9.41,6247.91,4.16,12.1,7.01,18.64,0.2,9.71,15.14,9.29,781.5,110.69,7.36,24.49,16.29,6.52,7.7,5.35,2.92,2.87,2.9,10.0,2.0,892.0,162.0
2021-03,3,2021,31,4387.66,24.26,262.15,5.17,4.71,7.65,8.36,113.47,11.55,0.15,101.42,321.17,18.52,10.36,9259.46,93.78,1801.22,2.66,77.15,4.43,6188.88,3.15,4.09,7.64,2.91,0.05,7.7,19.21,10.48,59.02,85.46,8.0,22.67,3.4,6.25,8.85,2.62,2.62,2.66,2.72,21.0,3.0,567.0,15.0
2021-04,4,2021,30,4379.42,25.19,347.37,5.21,4.46,6.94,3.68,114.61,8.25,0.15,102.29,173.05,11.41,10.23,9259.39,94.59,1975.03,2.44,67.53,4.03,6354.46,2.76,3.92,7.7,2.72,0.0,6.95,18.81,12.21,-174.32,75.5,8.41,22.53,3.14,5.92,8.58,2.66,2.69,2.76,2.82,33.0,3.0,353.0,-60.0
2021-05,5,2021,31,4381.37,26.33,491.68,5.21,4.89,6.55,7.55,114.02,5.9,0.15,102.2,75.55,7.03,10.16,9259.36,94.51,2389.89,2.7,60.62,4.15,6771.26,2.48,4.34,7.69,3.02,0.05,6.61,18.65,14.08,-416.13,68.3,8.99,21.22,3.35,6.46,8.49,2.91,2.96,3.01,3.02,102.0,5.0,180.0,-8.0
2021-06,6,2021,30,4433.94,36.16,387.67,5.19,4.92,6.93,7.55,113.35,4.79,0.15,101.87,139.56,4.32,9.05,9259.32,94.2,2585.13,2.83,66.7,4.21,7019.07,2.73,5.05,7.67,3.25,0.0,6.93,17.97,17.64,-248.1,74.61,9.58,21.28,3.57,6.57,8.93,3.26,3.27,3.29,3.27,275.0,62.0,20.0,-6.0
2021-07,7,2021,31,4433.99,39.84,340.97,5.23,5.64,7.29,8.41,113.37,4.62,0.15,102.65,171.17,3.64,9.68,9259.28,94.92,2754.72,3.41,69.73,4.76,7188.71,2.85,5.58,7.73,3.84,0.06,7.35,18.26,19.83,-169.8,77.81,9.93,21.48,4.12,7.23,8.58,3.84,3.82,3.79,3.8,341.0,20.0,5.0,2.0
2021-08,8,2021,31,4434.85,40.66,345.76,5.25,6.06,7.13,7.27,114.36,4.57,0.15,103.11,186.5,3.43,9.62,9259.28,95.34,2917.27,3.52,70.38,5.02,7352.12,2.88,5.72,7.76,4.16,0.0,7.13,18.18,20.88,-159.26,78.51,10.21,21.57,4.45,7.75,8.56,4.07,4.03,4.05,4.12,354.0,64.0,5.0,-2.0
2021-09,9,2021,30,4436.76,33.17,473.43,5.24,6.7,7.3,9.3,114.11,5.01,0.15,102.89,82.84,3.95,9.49,9260.44,95.14,3305.98,4.07,63.57,5.48,7742.74,2.6,5.95,7.75,4.85,0.04,7.34,17.85,20.15,-390.59,71.41,10.3,21.29,5.09,8.34,8.36,5.16,5.12,5.17,5.27,189.0,34.0,42.0,-37.0
2021-10,10,2021,31,4437.83,30.44,451.79,5.33,7.97,7.36,7.34,116.12,6.34,0.15,104.69,90.98,6.21,9.62,9261.48,96.8,3665.38,4.79,65.0,6.69,8103.21,2.66,6.43,7.88,5.55,0.0,7.36,17.58,17.41,-360.8,72.99,10.47,21.85,5.75,9.98,7.97,5.51,5.58,5.74,5.82,78.0,25.0,206.0,-89.0
2021-11,11,2021,30,4438.7,29.4,188.67,5.38,8.1,8.02,34.77,118.17,11.26,0.15,105.66,320.63,16.07,10.21,9265.05,97.71,3532.78,5.18,81.08,6.99,7971.48,3.31,6.04,7.96,5.48,0.06,8.08,18.57,13.12,131.95,89.78,10.05,24.2,5.89,10.24,8.35,5.05,5.1,5.18,5.06,12.0,-3.0,552.0,86.0
2021-12,12,2021,31,4437.88,28.58,190.25,5.4,7.4,8.1,30.21,118.72,12.96,0.15,105.94,512.9,21.59,11.14,9264.87,97.96,3209.98,4.74,88.02,6.77,7647.86,3.6,5.87,7.98,4.62,0.05,8.15,20.03,13.08,322.65,97.01,10.36,24.74,5.15,9.62,8.89,3.76,3.86,3.79,3.67,19.0,12.0,688.0,-121.0
2022-01,1,2022,31,4437.36,31.01,75.58,5.26,7.04,9.35,38.7,115.84,17.83,0.15,103.2,1069.33,31.01,11.41,9264.75,95.26,2215.94,6.94,106.34,6.64,6653.3,4.27,5.39,7.94,4.96,0.21,9.56,19.7,12.02,993.76,115.86,9.81,26.35,6.97,8.56,8.29,4.38,4.26,3.96,3.91,5.0,-4.0,1003.0,127.0
2022-02,2,2022,28,4434.49,29.1,102.25,5.22,8.22,9.05,29.3,115.24,16.62,0.15,102.51,760.73,28.43,11.31,9259.11,94.54,1562.02,5.67,100.08,7.53,5996.51,4.03,5.8,7.97,5.53,0.16,9.21,19.52,12.18,658.48,109.33,10.04,25.78,6.26,10.17,8.2,4.69,4.46,4.39,4.42,8.0,0.0,796.0,-95.0
2022-03,3,2022,31,4434.0,25.14,231.08,5.3,7.24,8.28,30.24,116.57,12.49,0.15,104.04,394.46,19.06,11.75,9259.11,95.43,1401.47,4.7,81.12,6.34,5835.47,3.31,5.6,8.61,4.71,0.09,8.37,20.62,12.98,163.38,89.73,10.23,24.29,5.32,9.15,8.87,4.9,4.98,5.01,5.06,18.0,0.0,595.0,28.0
2022-04,4,2022,30,4439.76,24.94,354.15,5.35,8.45,8.16,7.36,117.35,9.24,0.15,105.05,140.39,13.0,11.02,9258.91,96.5,1611.77,5.49,70.66,6.88,6051.52,2.91,6.37,8.55,6.04,0.01,8.17,19.58,14.01,-213.76,78.92,10.63,23.34,6.45,10.33,8.56,6.6,6.71,6.81,6.88,44.0,14.0,399.0,46.0
2022-05,5,2022,31,4441.61,29.85,484.56,5.42,10.31,7.43,11.52,118.3,5.91,0.15,106.32,81.43,6.49,11.34,9255.89,97.75,2001.92,6.72,64.26,8.37,6443.52,2.66,8.45,8.57,7.62,0.02,7.45,19.89,17.76,-403.14,72.33,12.11,21.85,7.79,12.33,8.56,8.14,8.16,8.23,8.21,140.0,43.0,141.0,-39.0
2022-06,6,2022,30,4442.62,38.2,437.81,5.46,11.44,7.62,9.16,118.55,4.89,0.15,107.15,114.19,4.13,10.02,9257.0,98.53,2325.32,7.03,68.96,9.64,6767.94,2.85,10.13,8.63,7.97,0.01,7.63,18.46,22.69,-323.61,77.27,13.5,21.59,8.23,14.36,8.44,7.7,7.6,7.6,7.57,249.0,36.0,28.0,8.0
2022-07,7,2022,31,4444.4,45.16,361.69,5.47,9.99,8.2,11.8,119.03,4.67,0.15,107.43,181.65,3.56,9.69,9256.96,98.54,2505.12,6.0,74.78,8.14,6949.52,3.07,8.97,8.89,6.78,0.09,8.3,18.06,24.73,-180.04,83.32,13.54,21.24,7.76,12.76,8.37,7.28,7.19,7.1,7.1,373.0,52.0,3.0,-2.0
2022-08,8,2022,31,4445.77,44.36,382.47,5.5,12.22,7.51,14.89,119.33,4.56,0.15,108.05,176.24,3.33,9.68,9256.93,99.33,2709.42,6.62,74.02,9.76,7155.19,3.04,10.49,8.71,8.44,0.1,7.61,18.0,25.52,-206.22,82.56,14.24,21.62,9.33,15.45,8.32,8.81,8.78,8.77,8.85,340.0,50.0,4.0,-1.0
2022-09,9,2022,30,4444.85,37.39,536.07,5.57,12.79,7.79,8.61,121.26,5.01,0.15,109.36,100.1,3.82,9.85,9256.9,100.54,3145.64,6.0,67.9,9.95,7590.49,2.81,9.81,8.82,7.78,0.01,7.8,17.55,24.65,-435.97,76.28,14.58,21.55,8.46,16.72,7.7,7.88,7.76,7.85,8.02,190.0,35.0,66.0,24.0
2022-10,10,2022,31,4443.11,30.63,510.87,5.58,10.22,7.72,8.51,121.59,7.22,0.15,109.48,88.67,7.81,9.99,9257.52,100.61,3569.36,4.67,67.93,7.38,8012.47,2.81,6.83,8.87,5.03,0.01,7.73,17.88,18.72,-422.2,76.32,12.84,22.12,6.03,14.32,7.89,5.66,6.08,6.49,6.67,43.0,-10.0,299.0,94.0
2022-11,11,2022,30,4442.44,30.1,261.06,5.6,8.63,8.16,39.01,122.77,11.87,0.15,109.91,332.39,17.21,10.09,9259.12,100.95,3501.16,5.8,83.43,6.92,7943.6,3.4,6.74,8.95,4.94,0.05,8.21,18.46,15.63,71.33,92.43,11.89,24.09,5.96,11.68,8.37,5.45,6.43,6.77,6.49,20.0,5.0,588.0,36.0
2022-12,12,2022,31,4446.85,32.04,159.78,5.47,9.91,9.35,37.25,120.31,16.0,0.15,107.34,732.6,27.09,10.97,9257.86,99.32,2927.08,9.75,99.61,8.23,7373.94,4.02,7.68,8.02,6.28,0.1,9.45,19.27,14.74,572.82,109.09,12.03,24.33,9.53,12.67,8.3,5.53,5.77,5.6,5.09,10.0,3.0,883.0,195.0
2023-01,1,2023,31,4450.73,31.23,152.83,5.62,8.04,8.79,39.59,123.21,15.36,0.15,110.29,608.09,25.76,10.88,9263.57,101.79,2469.58,8.49,97.2,7.28,6920.31,3.93,7.11,8.5,4.03,0.09,8.88,19.58,15.28,455.26,106.75,12.47,24.71,7.55,11.24,8.71,3.27,3.42,3.2,3.17,8.0,-1.0,811.0,-192.0
2023-02,2,2023,28,4449.89,31.14,131.4,5.63,6.58,8.57,23.0,123.41,15.12,0.15,110.5,530.4,24.36,11.65,9263.57,101.84,2071.91,5.17,95.9,6.14,6521.8,3.88,6.2,8.66,2.91,0.14,8.71,20.47,15.01,399.0,105.41,12.13,25.14,4.64,9.36,8.82,2.38,2.44,2.53,2.68,13.0,5.0,717.0,-79.0
2023-03,3,2023,31,4449.04,30.0,172.46,5.67,5.56,8.0,19.02,123.95,13.14,0.15,111.28,396.22,20.39,11.84,9271.91,102.23,1849.67,3.28,87.74,5.03,6298.7,3.57,5.27,9.05,2.43,0.04,8.05,20.93,13.8,223.76,96.98,10.85,24.06,3.51,7.97,9.1,2.31,2.41,2.55,2.78,21.0,3.0,685.0,90.0
2023-04,4,2023,30,4451.38,28.91,390.81,5.67,4.92,7.34,4.61,123.95,8.38,0.15,111.39,125.91,11.23,12.49,9275.36,102.09,2113.02,2.51,72.03,4.07,6564.39,2.97,4.34,9.29,1.95,0.01,7.35,20.61,14.47,-264.9,80.68,10.5,23.37,2.81,6.86,8.13,2.16,2.2,2.38,2.59,35.0,5.0,357.0,-42.0
2023-05,5,2023,31,0.0,0.0,0.0,0.0,0.0,0.0,0.0,0.0,0.0,0.0,0.0,0.0,0.0,0.0,0.0,0.0,0.0,0.0,0.0,0.0,0.0,0.0,0.0,0.0,0.0,0.0,0.0,0.0,0.0,0.0,0.0,0.0,0.0,0.0,0.0,0.0,2.15,2.3,2.46,2.53,90.0,-7.0,163.0,21.0
